-- phpMyAdmin SQL Dump
-- version 5.2.0
-- https://www.phpmyadmin.net/
--
-- Hôte : 127.0.0.1
-- Généré le : lun. 09 déc. 2024 à 10:11
-- Version du serveur : 10.4.25-MariaDB
-- Version de PHP : 8.1.10

SET SQL_MODE = "NO_AUTO_VALUE_ON_ZERO";
START TRANSACTION;
SET time_zone = "+00:00";


/*!40101 SET @OLD_CHARACTER_SET_CLIENT=@@CHARACTER_SET_CLIENT */;
/*!40101 SET @OLD_CHARACTER_SET_RESULTS=@@CHARACTER_SET_RESULTS */;
/*!40101 SET @OLD_COLLATION_CONNECTION=@@COLLATION_CONNECTION */;
/*!40101 SET NAMES utf8mb4 */;

--
-- Base de données : `gesshop`
--

-- --------------------------------------------------------

--
-- Structure de la table `categories`
--

CREATE TABLE `categories` (
  `id` bigint(20) UNSIGNED NOT NULL,
  `nomcat` varchar(255) COLLATE utf8mb4_unicode_ci NOT NULL,
  `created_at` timestamp NULL DEFAULT NULL,
  `updated_at` timestamp NULL DEFAULT NULL
) ENGINE=InnoDB DEFAULT CHARSET=utf8mb4 COLLATE=utf8mb4_unicode_ci;

--
-- Déchargement des données de la table `categories`
--

INSERT INTO `categories` (`id`, `nomcat`, `created_at`, `updated_at`) VALUES
(4, 'Ecig kits', '2023-05-30 08:57:39', '2023-05-30 08:57:39'),
(5, 'Batterie', '2023-05-30 08:58:10', '2023-05-30 08:58:10'),
(6, 'Pods', '2023-05-30 08:58:28', '2023-05-30 08:58:28'),
(7, 'Atomizeur', '2023-05-30 08:58:57', '2023-05-30 08:58:57'),
(8, 'Accu', '2023-05-30 08:59:09', '2023-05-30 08:59:09'),
(9, 'Résistance', '2023-05-30 08:59:24', '2023-05-30 08:59:24'),
(10, 'Cartouche pod', '2023-05-30 08:59:44', '2023-05-30 08:59:44'),
(11, 'Liquide 10ml', '2023-05-30 09:00:03', '2023-05-30 09:00:03'),
(12, 'Liquide 50ml', '2023-05-30 09:01:48', '2023-05-30 09:01:48'),
(13, 'Liquide 100ml', '2023-05-30 09:02:06', '2023-05-30 09:02:06'),
(14, 'Booster', '2023-05-30 09:02:22', '2023-05-30 09:02:22'),
(15, 'Concentrer', '2023-05-30 09:02:45', '2023-05-30 09:02:45'),
(16, 'Mod', '2023-05-31 07:43:37', '2023-05-31 07:43:37'),
(17, 'PUFF', '2023-05-31 09:35:17', '2023-05-31 09:35:17'),
(18, 'PULP', '2023-05-31 10:18:23', '2023-05-31 10:18:23'),
(19, 'CARTOUCHE ELF BAR', '2023-06-14 15:59:00', '2023-06-14 15:59:00'),
(20, 'CARTOUCHE POD', '2023-06-19 08:12:43', '2023-06-19 08:12:43'),
(21, 'ACCESSOIRE', '2023-06-21 11:22:18', '2023-06-21 11:22:18');

-- --------------------------------------------------------

--
-- Structure de la table `clients`
--

CREATE TABLE `clients` (
  `id` bigint(20) UNSIGNED NOT NULL,
  `nomc` varchar(255) COLLATE utf8mb4_unicode_ci NOT NULL,
  `telc` varchar(255) COLLATE utf8mb4_unicode_ci DEFAULT NULL,
  `created_at` timestamp NULL DEFAULT NULL,
  `updated_at` timestamp NULL DEFAULT NULL
) ENGINE=InnoDB DEFAULT CHARSET=utf8mb4 COLLATE=utf8mb4_unicode_ci;

--
-- Déchargement des données de la table `clients`
--

INSERT INTO `clients` (`id`, `nomc`, `telc`, `created_at`, `updated_at`) VALUES
(1, 'ibra ndiaye', '774874628', '2023-05-29 12:30:13', '2023-05-29 12:30:13'),
(2, 'MR  DIENG', '776411341', '2023-05-29 12:36:48', '2023-05-29 12:36:48'),
(3, 'souleymane alabama', NULL, '2023-05-31 14:58:50', '2023-05-31 14:58:50'),
(4, 'BADARA', '772643607', '2023-06-02 08:47:01', '2023-06-02 08:47:01'),
(5, 'MR GUEYE FR4', '776377301', '2023-06-02 08:52:05', '2023-06-02 08:52:05'),
(6, 'DIAGNE ABDOUILAYE TERA TERRA', '772697979', '2023-06-19 10:50:36', '2023-06-19 10:50:36'),
(7, 'MOUSSA FRAISE', '784242006', '2023-06-20 16:54:43', '2023-06-20 16:54:43'),
(8, 'BADARA  PULP ALABAMA', '756426886', '2023-06-20 16:59:36', '2023-06-20 16:59:36'),
(9, 'mamy abba', '777637987', '2023-07-06 12:14:18', '2023-07-06 12:14:18'),
(10, 'MANELLE', '781047289', '2023-07-06 12:16:58', '2023-07-06 12:16:58'),
(11, 'AMOUZOU', '776213741', '2023-07-06 12:17:53', '2023-07-06 12:17:53'),
(12, 'ABDOU RAKHANE', '773464556', '2023-07-06 12:19:24', '2023-07-06 12:19:24'),
(13, 'ABDOUL BRONZE', '774956190', '2023-07-06 12:24:08', '2023-07-06 12:24:08'),
(14, 'ALIOUNE THUGOT', '774199369', '2023-07-06 12:46:04', '2023-07-06 12:46:39'),
(15, 'AMADOU SY', '776661325', '2023-07-06 12:47:08', '2023-07-06 12:47:08'),
(16, 'AREF', '775522663', '2023-07-06 12:47:48', '2023-07-06 12:47:48'),
(17, 'ARONA CAMARA', '784211642', '2023-07-06 12:48:37', '2023-07-06 12:48:37'),
(18, 'AYA', '785844410', '2023-07-06 12:49:19', '2023-07-06 12:49:19'),
(19, 'BALLA CLIENT', '772371832', '2023-07-06 12:49:59', '2023-07-06 12:49:59'),
(20, 'BAMBA', '775853664', '2023-07-06 12:50:26', '2023-07-06 12:50:26'),
(21, 'CHAUFFEUR DE MONSIEUR NICOLAS', '773754549', '2023-07-06 12:51:41', '2023-07-06 12:51:41'),
(22, 'CRISTIAN', '773439590', '2023-07-06 14:00:45', '2023-07-06 14:00:45'),
(23, 'FALILOU', '764983188', '2023-07-06 14:01:06', '2023-07-06 14:01:06'),
(24, 'HAMDY', '777541222', '2023-07-06 14:01:56', '2023-07-06 14:01:56'),
(25, 'JACK DIOP', '784225085', '2023-07-06 14:04:25', '2023-07-06 14:04:25'),
(26, 'JADE', '781906270', '2023-07-06 14:04:54', '2023-07-06 14:04:54'),
(27, 'KHADIM', '774944545', '2023-07-06 14:07:59', '2023-07-06 14:07:59'),
(28, 'KHALIL', '772128332', '2023-07-06 14:08:21', '2023-07-06 14:08:21'),
(29, 'MALICK', '785331830', '2023-07-06 14:09:08', '2023-07-06 14:09:08'),
(30, 'MARTE', '777829030', '2023-07-06 14:09:28', '2023-07-06 14:09:28'),
(31, 'MDM RITA', '777968131', '2023-07-06 14:09:52', '2023-07-06 14:09:52'),
(32, 'MODOU', '776613567', '2023-07-06 14:12:13', '2023-07-06 14:12:13'),
(33, 'MOHAMED DIENG', '771053045', '2023-07-06 14:12:48', '2023-07-06 14:12:48'),
(34, 'MR CISSE', '776448601', '2023-07-06 14:13:13', '2023-07-06 14:13:13'),
(35, 'MR DIATTA', '776493453', '2023-07-06 14:13:35', '2023-07-06 14:13:35'),
(36, 'MR FAYE', '775646467', '2023-07-06 14:14:01', '2023-07-06 14:14:01'),
(37, 'MR GUEYE2', '781671915', '2023-07-06 14:14:34', '2023-07-06 14:14:34'),
(38, 'MR KAMAL', '774309652', '2023-07-06 14:15:00', '2023-07-06 14:15:00');

-- --------------------------------------------------------

--
-- Structure de la table `depots`
--

CREATE TABLE `depots` (
  `id` bigint(20) UNSIGNED NOT NULL,
  `nomd` varchar(255) COLLATE utf8mb4_unicode_ci NOT NULL,
  `created_at` timestamp NULL DEFAULT NULL,
  `updated_at` timestamp NULL DEFAULT NULL
) ENGINE=InnoDB DEFAULT CHARSET=utf8mb4 COLLATE=utf8mb4_unicode_ci;

--
-- Déchargement des données de la table `depots`
--

INSERT INTO `depots` (`id`, `nomd`, `created_at`, `updated_at`) VALUES
(1, 'Corniche', '2022-10-26 12:19:12', '2023-05-25 14:55:31');

-- --------------------------------------------------------

--
-- Structure de la table `depot_produits`
--

CREATE TABLE `depot_produits` (
  `id` bigint(20) UNSIGNED NOT NULL,
  `produit_id` bigint(20) UNSIGNED NOT NULL,
  `depot_id` bigint(20) UNSIGNED NOT NULL,
  `stock` int(11) NOT NULL,
  `created_at` timestamp NULL DEFAULT NULL,
  `updated_at` timestamp NULL DEFAULT NULL
) ENGINE=InnoDB DEFAULT CHARSET=utf8mb4 COLLATE=utf8mb4_unicode_ci;

--
-- Déchargement des données de la table `depot_produits`
--

INSERT INTO `depot_produits` (`id`, `produit_id`, `depot_id`, `stock`, `created_at`, `updated_at`) VALUES
(4, 4, 1, 195, '2023-05-31 07:40:33', '2024-12-08 10:10:19'),
(5, 5, 1, 96, '2023-05-31 07:41:37', '2024-12-08 10:13:09'),
(6, 6, 1, 0, '2023-05-31 07:43:04', '2024-12-08 15:02:23'),
(7, 7, 1, 0, '2023-05-31 07:44:26', '2023-07-31 16:20:07'),
(8, 8, 1, 0, '2023-05-31 07:45:10', '2023-08-10 18:44:20'),
(9, 9, 1, 1, '2023-05-31 07:45:54', '2023-05-31 09:13:55'),
(10, 10, 1, 2, '2023-05-31 07:46:24', '2023-08-28 13:42:02'),
(11, 11, 1, 0, '2023-05-31 07:47:01', '2023-08-28 13:42:03'),
(12, 12, 1, 1, '2023-05-31 07:47:49', '2023-08-07 17:03:51'),
(13, 13, 1, 0, '2023-05-31 07:49:23', '2023-06-06 15:14:25'),
(14, 14, 1, 1, '2023-05-31 07:50:11', '2023-07-20 07:29:49'),
(15, 15, 1, 0, '2023-05-31 07:52:29', '2023-07-10 18:56:33'),
(16, 16, 1, 0, '2023-05-31 07:55:00', '2023-07-29 19:57:26'),
(17, 17, 1, 1, '2023-05-31 07:55:40', '2023-05-31 09:13:55'),
(18, 18, 1, 0, '2023-05-31 08:00:49', '2023-08-03 19:06:54'),
(19, 19, 1, 0, '2023-05-31 08:03:23', '2023-08-14 18:57:07'),
(20, 20, 1, 0, '2023-05-31 08:03:55', '2023-08-03 13:37:14'),
(21, 21, 1, 1, '2023-05-31 08:06:52', '2023-08-20 13:14:25'),
(22, 22, 1, 0, '2023-05-31 08:09:25', '2023-07-29 09:34:20'),
(23, 23, 1, 1, '2023-05-31 08:10:04', '2023-05-31 09:13:55'),
(24, 24, 1, 1, '2023-05-31 08:17:27', '2023-07-27 17:25:49'),
(25, 25, 1, 2, '2023-05-31 08:18:01', '2023-07-20 07:55:31'),
(26, 26, 1, 0, '2023-05-31 08:18:44', '2023-07-30 20:18:08'),
(27, 27, 1, 0, '2023-05-31 08:21:51', '2023-07-26 18:50:09'),
(28, 28, 1, 3, '2023-05-31 09:15:23', '2023-06-30 13:43:11'),
(29, 29, 1, 0, '2023-05-31 09:18:00', '2023-07-20 18:29:58'),
(30, 30, 1, 4, '2023-05-31 09:18:49', '2023-05-31 12:42:38'),
(31, 31, 1, 1, '2023-05-31 09:19:33', '2023-08-28 18:29:45'),
(32, 32, 1, 3, '2023-05-31 09:20:40', '2023-07-20 08:03:39'),
(33, 33, 1, 4, '2023-05-31 09:21:20', '2023-05-31 09:28:28'),
(34, 34, 1, 14, '2023-05-31 09:23:10', '2023-07-26 18:50:09'),
(35, 35, 1, 1, '2023-05-31 09:24:44', '2023-05-31 09:28:28'),
(36, 36, 1, 0, '2023-05-31 09:25:09', '2023-07-03 16:58:13'),
(37, 37, 1, 0, '2023-05-31 09:34:36', '2023-06-27 12:59:19'),
(38, 38, 1, 0, '2023-05-31 09:36:06', '2023-07-12 19:07:10'),
(39, 39, 1, 0, '2023-05-31 09:39:18', '2023-08-28 13:42:02'),
(40, 40, 1, 0, '2023-05-31 09:40:57', '2023-07-06 16:07:44'),
(41, 41, 1, 0, '2023-05-31 09:42:17', '2023-07-17 18:58:45'),
(42, 42, 1, 0, '2023-05-31 09:43:06', '2023-07-12 19:07:10'),
(43, 43, 1, 0, '2023-05-31 09:43:56', '2023-07-08 19:57:15'),
(44, 44, 1, 0, '2023-05-31 09:47:10', '2023-06-18 14:04:34'),
(45, 45, 1, 0, '2023-05-31 09:53:31', '2023-06-17 11:32:15'),
(46, 46, 1, 0, '2023-05-31 09:55:11', '2023-06-27 14:41:18'),
(47, 47, 1, 0, '2023-05-31 09:56:09', '2023-06-16 16:32:52'),
(48, 48, 1, 0, '2023-05-31 09:58:01', '2023-07-17 18:58:45'),
(49, 49, 1, 0, '2023-05-31 09:59:14', '2023-07-19 11:27:22'),
(50, 50, 1, 0, '2023-05-31 10:07:38', '2023-07-19 11:27:22'),
(51, 51, 1, 27, '2023-05-31 10:19:43', '2023-08-07 08:27:05'),
(52, 52, 1, 47, '2023-05-31 10:20:39', '2024-12-08 15:01:31'),
(53, 53, 1, 18, '2023-05-31 10:23:50', '2023-08-28 13:42:03'),
(54, 54, 1, 19, '2023-05-31 10:24:32', '2023-08-28 13:42:53'),
(55, 55, 1, 6, '2023-05-31 10:25:01', '2023-08-07 17:03:51'),
(56, 56, 1, 5, '2023-05-31 10:25:39', '2023-08-28 13:42:03'),
(57, 57, 1, 0, '2023-05-31 10:26:14', '2023-08-28 13:42:03'),
(58, 58, 1, 0, '2023-05-31 10:26:43', '2023-08-11 18:16:16'),
(59, 59, 1, 0, '2023-05-31 10:27:19', '2023-08-28 13:42:03'),
(60, 60, 1, 5, '2023-05-31 10:27:49', '2023-08-07 08:29:09'),
(61, 61, 1, 0, '2023-05-31 10:28:33', '2023-05-31 10:28:33'),
(62, 62, 1, 0, '2023-05-31 10:29:07', '2023-05-31 10:29:07'),
(63, 63, 1, 25, '2023-05-31 10:32:36', '2023-08-16 13:54:14'),
(64, 64, 1, 3, '2023-05-31 10:33:48', '2024-12-08 10:47:38'),
(65, 65, 1, 0, '2023-05-31 10:34:20', '2023-05-31 10:34:20'),
(66, 66, 1, 0, '2023-05-31 10:35:21', '2023-05-31 10:35:21'),
(67, 67, 1, 0, '2023-05-31 10:36:05', '2023-05-31 10:36:05'),
(68, 68, 1, 1, '2023-05-31 10:37:07', '2023-08-07 17:03:51'),
(69, 69, 1, 2, '2023-05-31 10:38:09', '2023-08-28 13:42:02'),
(70, 70, 1, 0, '2023-05-31 10:39:52', '2023-05-31 10:39:52'),
(71, 71, 1, 0, '2023-05-31 10:40:46', '2023-05-31 10:40:46'),
(72, 72, 1, 8, '2023-05-31 10:41:19', '2023-07-26 13:55:05'),
(73, 73, 1, 16, '2023-05-31 10:41:56', '2023-08-11 18:16:16'),
(74, 74, 1, 9, '2023-05-31 10:42:32', '2023-08-16 13:54:14'),
(75, 75, 1, 0, '2023-05-31 10:43:10', '2023-05-31 10:43:10'),
(76, 76, 1, 9, '2023-05-31 10:58:59', '2023-08-28 18:29:45'),
(77, 77, 1, 6, '2023-05-31 10:59:29', '2023-08-28 18:29:45'),
(78, 78, 1, 14, '2023-05-31 11:00:10', '2023-08-28 13:42:02'),
(79, 79, 1, 6, '2023-05-31 11:00:45', '2023-08-28 13:42:02'),
(80, 80, 1, 43, '2023-05-31 11:01:47', '2023-08-28 13:42:02'),
(81, 81, 1, 0, '2023-05-31 11:15:11', '2023-07-22 11:11:15'),
(82, 82, 1, 25, '2023-05-31 11:40:19', '2023-08-03 11:23:24'),
(83, 83, 1, 19, '2023-05-31 11:43:30', '2023-08-28 18:29:45'),
(84, 84, 1, 19, '2023-05-31 11:44:40', '2023-08-07 17:03:51'),
(85, 85, 1, 17, '2023-05-31 11:49:14', '2023-08-28 13:42:02'),
(86, 86, 1, 0, '2023-05-31 11:50:00', '2023-05-31 11:50:00'),
(87, 87, 1, 14, '2023-05-31 11:51:02', '2023-08-16 13:54:14'),
(88, 88, 1, 5, '2023-05-31 11:52:45', '2023-08-28 13:42:03'),
(89, 89, 1, 8, '2023-05-31 11:55:49', '2023-05-31 12:17:23'),
(90, 90, 1, 1, '2023-05-31 11:57:52', '2023-08-12 17:22:13'),
(91, 91, 1, 6, '2023-05-31 12:09:56', '2023-08-02 18:08:34'),
(92, 92, 1, 0, '2023-05-31 12:11:11', '2023-07-05 18:10:43'),
(93, 93, 1, 5, '2023-05-31 12:13:19', '2023-07-20 08:37:19'),
(94, 94, 1, 3, '2023-05-31 12:20:46', '2023-07-27 19:08:00'),
(95, 95, 1, 0, '2023-05-31 12:21:41', '2023-07-15 19:48:09'),
(96, 96, 1, 9, '2023-05-31 12:23:46', '2023-08-02 13:16:28'),
(97, 97, 1, 3, '2023-05-31 12:24:44', '2023-05-31 12:26:48'),
(98, 98, 1, 0, '2023-05-31 12:25:25', '2023-07-05 18:10:43'),
(99, 99, 1, 6, '2023-05-31 12:27:34', '2023-08-28 18:29:45'),
(100, 100, 1, 9, '2023-05-31 12:28:45', '2023-08-28 13:42:03'),
(101, 101, 1, 8, '2023-05-31 12:29:27', '2023-05-31 12:30:30'),
(102, 102, 1, 5, '2023-05-31 12:32:12', '2023-05-31 12:32:57'),
(103, 103, 1, 9, '2023-05-31 12:34:03', '2023-05-31 12:35:04'),
(104, 104, 1, 10, '2023-05-31 12:36:15', '2023-05-31 12:38:46'),
(105, 105, 1, 2, '2023-05-31 12:37:07', '2023-06-15 07:30:35'),
(106, 106, 1, 1, '2023-05-31 12:40:45', '2023-05-31 12:42:02'),
(107, 107, 1, 37, '2023-05-31 13:25:50', '2023-08-07 08:34:29'),
(108, 108, 1, 26, '2023-05-31 13:26:48', '2023-08-07 08:34:29'),
(109, 109, 1, 0, '2023-05-31 13:32:36', '2023-06-27 12:59:19'),
(110, 110, 1, 0, '2023-06-01 07:19:49', '2023-07-31 13:02:16'),
(111, 111, 1, 0, '2023-06-01 07:21:00', '2023-06-01 07:21:00'),
(112, 112, 1, 0, '2023-06-01 07:21:32', '2023-07-26 19:27:35'),
(113, 113, 1, 0, '2023-06-01 07:22:05', '2023-07-31 13:02:16'),
(114, 114, 1, 0, '2023-06-01 07:22:32', '2023-08-16 18:26:47'),
(115, 115, 1, 2, '2023-06-01 07:23:40', '2023-08-16 13:54:14'),
(116, 116, 1, 3, '2023-06-01 07:24:34', '2023-08-28 13:42:02'),
(117, 117, 1, 6, '2023-06-01 07:25:09', '2023-08-28 13:42:02'),
(118, 118, 1, 2, '2023-06-01 07:25:40', '2023-08-28 13:42:02'),
(119, 119, 1, 9, '2023-06-01 07:27:12', '2023-08-17 17:45:13'),
(120, 120, 1, 10, '2023-06-01 07:27:42', '2023-08-17 17:45:13'),
(121, 121, 1, 7, '2023-06-01 07:28:09', '2023-07-20 09:03:25'),
(122, 122, 1, 0, '2023-06-01 07:29:14', '2023-08-28 13:42:03'),
(123, 123, 1, 11, '2023-06-01 07:29:43', '2023-08-14 18:57:07'),
(124, 124, 1, 6, '2023-06-01 07:30:13', '2023-08-28 13:42:03'),
(125, 125, 1, 17, '2023-06-01 07:31:22', '2023-08-02 12:48:29'),
(126, 126, 1, 0, '2023-06-01 07:31:45', '2023-06-01 07:31:45'),
(127, 127, 1, 0, '2023-06-01 07:32:31', '2023-08-28 13:42:03'),
(128, 128, 1, 0, '2023-06-01 07:33:03', '2023-08-07 17:03:51'),
(129, 129, 1, 0, '2023-06-01 07:33:33', '2023-08-28 13:42:03'),
(130, 130, 1, 6, '2023-06-01 07:34:27', '2023-07-20 09:18:43'),
(131, 131, 1, 0, '2023-06-01 07:35:00', '2023-08-20 18:03:43'),
(132, 132, 1, 1, '2023-06-01 07:35:43', '2023-07-27 19:08:00'),
(133, 133, 1, 0, '2023-06-01 07:36:29', '2023-06-17 16:25:12'),
(134, 134, 1, 0, '2023-06-01 07:40:12', '2023-06-01 07:40:12'),
(135, 135, 1, 1, '2023-06-01 07:41:28', '2023-07-05 15:42:51'),
(136, 136, 1, 0, '2023-06-01 07:42:00', '2023-07-05 18:10:43'),
(137, 137, 1, 5, '2023-06-01 07:43:05', '2023-08-10 18:44:20'),
(138, 138, 1, 2, '2023-06-01 07:43:38', '2023-06-15 07:30:35'),
(139, 139, 1, 6, '2023-06-01 07:44:23', '2023-08-12 17:22:13'),
(140, 140, 1, 1, '2023-06-01 07:45:36', '2023-06-01 08:49:38'),
(141, 141, 1, 0, '2023-06-01 07:48:22', '2023-07-17 18:58:45'),
(142, 142, 1, 0, '2023-06-01 07:48:47', '2023-08-07 17:03:51'),
(143, 143, 1, 0, '2023-06-01 07:49:27', '2023-08-07 17:03:51'),
(144, 144, 1, 0, '2023-06-01 07:49:53', '2023-07-10 18:56:33'),
(145, 145, 1, 0, '2023-06-01 07:50:30', '2023-08-28 13:42:03'),
(146, 146, 1, 2, '2023-06-01 07:51:41', '2023-08-03 19:23:49'),
(147, 147, 1, 8, '2023-06-01 07:52:11', '2023-07-31 13:02:16'),
(148, 148, 1, 9, '2023-06-01 07:52:45', '2023-07-03 11:15:43'),
(149, 149, 1, 9, '2023-06-01 07:53:45', '2023-07-15 19:48:09'),
(150, 150, 1, 17, '2023-06-01 07:54:47', '2023-07-31 13:02:16'),
(151, 151, 1, 0, '2023-06-01 07:55:16', '2023-08-02 19:15:02'),
(152, 152, 1, 3, '2023-06-01 07:55:59', '2023-08-07 17:03:51'),
(153, 153, 1, 8, '2023-06-01 07:56:53', '2023-08-28 13:42:02'),
(154, 154, 1, 6, '2023-06-01 07:57:56', '2023-07-20 10:50:35'),
(155, 155, 1, 6, '2023-06-01 07:58:22', '2023-08-28 13:42:03'),
(156, 156, 1, 3, '2023-06-01 07:58:56', '2023-08-07 17:03:51'),
(157, 157, 1, 0, '2023-06-01 07:59:39', '2023-08-20 13:14:25'),
(158, 158, 1, 10, '2023-06-01 08:00:15', '2023-07-20 10:49:19'),
(159, 159, 1, 5, '2023-06-01 08:00:37', '2023-08-07 17:03:51'),
(160, 160, 1, 0, '2023-06-01 08:01:14', '2023-06-01 08:01:14'),
(161, 161, 1, 0, '2023-06-01 08:01:47', '2023-06-01 08:01:47'),
(162, 162, 1, 4, '2023-06-01 08:02:16', '2023-07-20 11:03:54'),
(163, 163, 1, 6, '2023-06-01 08:02:38', '2023-07-20 11:05:27'),
(164, 164, 1, 0, '2023-06-01 08:03:27', '2023-07-20 11:16:27'),
(165, 165, 1, 2, '2023-06-01 08:05:19', '2023-08-13 17:44:30'),
(166, 166, 1, 0, '2023-06-01 08:05:46', '2023-08-28 13:42:03'),
(167, 167, 1, 0, '2023-06-01 08:06:14', '2023-08-20 13:14:25'),
(168, 168, 1, 13, '2023-06-01 08:06:44', '2023-08-28 13:42:03'),
(169, 169, 1, 17, '2023-06-01 08:07:14', '2023-07-22 19:11:52'),
(170, 170, 1, 8, '2023-06-01 08:07:57', '2023-08-28 13:42:02'),
(171, 171, 1, 0, '2023-06-01 08:08:44', '2023-08-10 18:44:20'),
(172, 172, 1, 26, '2023-06-01 08:09:36', '2023-08-20 15:08:32'),
(173, 173, 1, 15, '2023-06-01 08:10:34', '2023-08-28 13:42:02'),
(174, 174, 1, 8, '2023-06-01 08:11:15', '2023-08-07 17:03:51'),
(175, 175, 1, 4, '2023-06-01 08:12:01', '2023-07-20 11:41:15'),
(176, 176, 1, 9, '2023-06-01 08:12:41', '2023-08-28 13:42:03'),
(177, 177, 1, 0, '2023-06-01 08:13:09', '2023-08-28 13:42:03'),
(178, 178, 1, 7, '2023-06-01 08:13:37', '2023-08-28 13:42:03'),
(179, 179, 1, 6, '2023-06-01 08:14:06', '2023-08-28 18:29:45'),
(180, 180, 1, 0, '2023-06-01 08:14:35', '2023-06-01 08:14:35'),
(181, 181, 1, 22, '2023-06-01 08:15:09', '2023-07-24 19:02:26'),
(182, 182, 1, 11, '2023-06-01 08:15:53', '2023-06-18 13:44:37'),
(183, 183, 1, 0, '2023-06-01 08:18:04', '2023-06-01 08:18:04'),
(184, 184, 1, 0, '2023-06-01 08:18:31', '2023-06-17 09:26:10'),
(185, 185, 1, 11, '2023-06-01 08:19:10', '2023-07-23 15:12:14'),
(186, 186, 1, 0, '2023-06-01 08:20:29', '2023-08-03 12:27:22'),
(187, 187, 1, 0, '2023-06-01 08:23:02', '2023-06-30 13:43:11'),
(188, 188, 1, 0, '2023-06-14 16:00:16', '2023-06-14 16:00:16'),
(189, 189, 1, 0, '2023-06-15 09:12:30', '2023-06-15 09:12:30'),
(190, 190, 1, 6, '2023-06-15 09:13:19', '2023-08-28 13:42:03'),
(191, 191, 1, 1, '2023-06-15 09:13:49', '2023-08-28 13:42:03'),
(192, 192, 1, 6, '2023-06-15 09:14:44', '2023-08-28 13:42:03'),
(193, 193, 1, 0, '2023-06-15 09:15:28', '2023-08-28 13:42:03'),
(194, 194, 1, 0, '2023-06-20 07:38:27', '2023-06-20 07:38:27'),
(195, 195, 1, 0, '2023-06-20 07:42:49', '2023-06-20 07:42:49'),
(196, 196, 1, 0, '2023-06-20 07:43:35', '2023-07-22 13:26:17'),
(197, 197, 1, 0, '2023-06-21 09:43:20', '2023-07-06 18:03:49'),
(198, 198, 1, 0, '2023-06-21 09:47:57', '2023-08-12 17:22:13'),
(199, 199, 1, 0, '2023-06-21 09:48:33', '2023-06-21 09:48:33'),
(200, 200, 1, 0, '2023-06-21 09:49:22', '2023-07-06 18:03:49'),
(201, 201, 1, 0, '2023-06-21 09:54:12', '2023-08-28 13:42:03'),
(202, 202, 1, 2, '2023-06-21 10:06:19', '2023-08-28 18:29:45'),
(203, 203, 1, 0, '2023-06-21 10:07:00', '2023-06-30 13:43:11'),
(204, 204, 1, 0, '2023-06-21 10:07:36', '2023-07-13 12:35:06'),
(205, 205, 1, 1, '2023-06-21 10:22:47', '2023-08-07 07:58:54'),
(206, 206, 1, 2, '2023-06-21 10:25:30', '2023-06-21 10:26:20'),
(207, 207, 1, 0, '2023-06-21 10:28:33', '2023-08-10 18:44:20'),
(208, 208, 1, 0, '2023-06-21 10:29:32', '2023-08-20 13:14:25'),
(209, 209, 1, 0, '2023-06-21 10:30:54', '2023-07-14 19:05:24'),
(210, 210, 1, 0, '2023-06-21 10:31:55', '2023-06-21 10:31:55'),
(211, 211, 1, 0, '2023-06-21 10:32:25', '2023-07-08 19:57:15'),
(212, 212, 1, 0, '2023-06-21 10:38:36', '2023-07-23 18:50:20'),
(213, 213, 1, 0, '2023-06-21 10:39:47', '2023-06-21 10:39:47'),
(214, 214, 1, 0, '2023-06-21 10:51:08', '2023-08-07 17:03:51'),
(215, 215, 1, 1, '2023-06-21 10:56:26', '2023-08-28 13:42:03'),
(216, 216, 1, 1, '2023-06-21 10:59:47', '2023-08-12 17:22:13'),
(217, 217, 1, 0, '2023-06-21 11:00:17', '2023-08-09 17:20:42'),
(218, 218, 1, 2, '2023-06-21 11:01:02', '2023-08-14 18:57:07'),
(219, 219, 1, 11, '2023-06-21 11:05:14', '2023-08-20 13:14:25'),
(220, 220, 1, 1, '2023-06-21 11:16:56', '2023-08-28 18:29:45'),
(221, 221, 1, 1, '2023-06-21 11:19:33', '2023-07-29 09:34:20'),
(222, 222, 1, 0, '2023-06-21 11:20:03', '2023-08-14 18:57:07'),
(223, 223, 1, 2, '2023-06-21 11:21:11', '2023-08-03 13:23:12'),
(224, 224, 1, 1, '2023-06-21 11:22:49', '2023-08-28 18:29:45'),
(225, 225, 1, 3, '2023-06-21 11:23:46', '2023-06-21 11:24:37'),
(226, 226, 1, 27, '2023-06-21 11:25:35', '2023-08-28 13:42:02'),
(227, 227, 1, 22, '2023-06-21 11:28:03', '2023-08-03 13:27:54'),
(228, 228, 1, 17, '2023-06-21 11:29:11', '2023-07-07 18:57:33'),
(229, 229, 1, 5, '2023-06-21 11:32:21', '2023-08-20 13:14:25'),
(230, 230, 1, 18, '2023-06-21 11:33:38', '2023-08-28 13:42:03'),
(231, 231, 1, 8, '2023-06-21 11:34:29', '2023-08-10 18:44:20'),
(232, 232, 1, 1, '2023-06-21 11:35:09', '2023-08-07 17:03:51'),
(233, 233, 1, 1, '2023-06-21 11:38:06', '2023-07-26 13:55:05'),
(234, 234, 1, 22, '2023-06-21 11:41:50', '2023-07-20 16:47:38'),
(235, 235, 1, 0, '2023-06-21 11:44:06', '2023-08-16 13:54:14'),
(236, 236, 1, 1, '2023-06-21 11:45:41', '2023-08-17 17:45:13'),
(237, 237, 1, 19, '2023-06-21 11:54:53', '2023-07-14 19:05:24'),
(238, 238, 1, 4, '2023-06-21 12:01:49', '2023-06-21 12:05:00'),
(239, 239, 1, 2, '2023-06-21 12:06:03', '2023-08-02 12:48:29'),
(240, 240, 1, 1, '2023-06-23 10:41:41', '2023-08-03 14:39:21'),
(241, 241, 1, 15, '2023-06-27 09:54:04', '2023-08-07 17:03:51'),
(242, 242, 1, 0, '2023-06-27 09:55:02', '2023-07-12 14:32:23'),
(243, 243, 1, 0, '2023-06-27 09:56:09', '2023-07-20 16:49:56'),
(244, 244, 1, 4, '2023-06-27 09:56:41', '2023-07-20 16:49:56'),
(245, 245, 1, 26, '2023-06-27 09:57:28', '2023-08-28 13:42:03'),
(246, 246, 1, 2, '2023-06-27 09:58:59', '2023-08-28 13:42:03'),
(247, 247, 1, 8, '2023-06-27 10:04:42', '2023-08-28 13:42:03'),
(248, 248, 1, 16, '2023-06-27 10:06:45', '2023-08-20 13:14:25'),
(249, 249, 1, 31, '2023-06-27 10:08:27', '2023-06-27 10:10:38'),
(250, 250, 1, 22, '2023-06-27 10:14:14', '2023-08-12 17:22:13'),
(251, 251, 1, 0, '2023-06-27 10:16:30', '2023-06-27 10:16:30'),
(252, 252, 1, 7, '2023-06-27 10:18:27', '2023-07-13 18:24:43'),
(253, 253, 1, 0, '2023-06-27 10:22:32', '2023-08-20 13:14:25'),
(254, 254, 1, 0, '2023-06-27 10:24:06', '2023-08-11 18:16:16'),
(255, 255, 1, 0, '2023-06-27 10:24:46', '2023-08-11 18:16:16'),
(256, 256, 1, 1, '2023-06-27 10:25:21', '2023-08-07 17:03:51'),
(257, 257, 1, 0, '2023-06-27 10:26:33', '2023-07-22 11:11:15'),
(258, 258, 1, 0, '2023-06-27 10:27:19', '2023-07-16 19:28:53'),
(259, 259, 1, 10, '2023-06-27 10:33:02', '2023-06-27 10:33:52'),
(260, 260, 1, 6, '2023-06-27 10:34:32', '2023-06-27 10:35:23'),
(261, 261, 1, 0, '2023-06-27 10:36:20', '2023-08-28 13:42:03'),
(262, 262, 1, 2, '2023-06-27 10:37:16', '2023-08-28 13:42:03'),
(263, 263, 1, 0, '2023-07-13 10:08:03', '2023-07-13 10:08:03'),
(264, 264, 1, 9, '2023-07-13 10:12:35', '2023-08-28 13:42:03'),
(265, 265, 1, 20, '2023-07-13 10:13:59', '2023-07-13 10:15:22'),
(266, 266, 1, 19, '2023-07-13 10:39:49', '2023-07-27 17:25:22'),
(267, 267, 1, 0, '2023-07-20 11:04:25', '2023-07-20 11:04:25'),
(268, 268, 1, 4, '2023-08-03 15:32:56', '2023-08-03 15:34:02'),
(269, 269, 1, 0, '2023-08-07 07:58:19', '2023-08-10 18:44:20'),
(270, 270, 1, 2, '2023-08-07 07:59:31', '2023-08-28 13:42:03'),
(271, 271, 1, 0, '2023-08-07 08:02:13', '2023-08-28 13:42:03'),
(272, 272, 1, 0, '2023-08-07 08:02:56', '2023-08-07 08:02:56'),
(273, 273, 1, 0, '2023-08-07 08:03:34', '2023-08-28 13:42:02'),
(274, 274, 1, 2, '2023-08-07 08:04:19', '2023-08-28 18:29:45'),
(275, 275, 1, 0, '2023-08-07 08:04:53', '2023-08-20 13:14:25'),
(276, 276, 1, 0, '2023-08-07 08:35:26', '2023-08-07 08:35:26'),
(277, 277, 1, 0, '2023-08-07 08:36:08', '2023-08-07 08:36:08'),
(278, 278, 1, 10, '2023-08-07 08:36:46', '2023-08-07 08:40:13'),
(279, 279, 1, 10, '2023-08-07 08:37:18', '2023-08-07 08:40:13'),
(280, 280, 1, 10, '2023-08-07 08:37:53', '2023-08-07 08:40:13'),
(281, 281, 1, 0, '2023-08-07 08:38:52', '2023-08-07 08:38:52'),
(282, 282, 1, 9, '2023-08-07 08:50:35', '2023-08-09 17:20:42'),
(283, 283, 1, 2, '2023-08-07 09:02:44', '2023-08-14 18:57:07'),
(284, 284, 1, 1, '2023-08-07 09:03:35', '2023-08-28 13:42:02'),
(285, 285, 1, 0, '2023-08-07 09:04:24', '2023-08-12 19:47:52'),
(286, 286, 1, 1, '2023-08-07 09:05:27', '2023-08-12 17:22:13'),
(287, 287, 1, 0, '2023-08-07 09:06:10', '2023-08-12 17:22:13'),
(288, 288, 1, 0, '2023-08-07 09:07:10', '2023-08-07 09:07:10'),
(289, 289, 1, 2, '2023-08-07 09:11:13', '2023-08-28 13:42:02'),
(290, 290, 1, 5, '2023-08-07 09:14:02', '2023-08-17 17:45:13'),
(291, 291, 1, 5, '2023-08-07 09:14:51', '2023-08-07 09:15:30'),
(292, 292, 1, 6, '2023-08-07 09:21:37', '2023-08-11 18:16:16'),
(293, 293, 1, 3, '2023-08-07 09:29:14', '2023-08-07 09:57:21'),
(294, 294, 1, 0, '2023-08-07 09:30:09', '2023-08-17 17:45:13'),
(295, 295, 1, 0, '2023-08-07 09:31:03', '2023-08-20 13:14:25'),
(296, 296, 1, 1, '2023-08-07 09:31:48', '2023-08-12 19:25:48'),
(297, 297, 1, 1, '2023-08-07 09:32:20', '2023-08-17 17:45:13'),
(298, 298, 1, 1, '2023-08-07 09:32:59', '2023-08-07 09:56:07'),
(299, 299, 1, 1, '2023-08-07 09:33:46', '2023-08-28 13:42:03'),
(300, 300, 1, 0, '2023-08-07 09:35:07', '2023-08-12 17:22:13'),
(301, 301, 1, 1, '2023-08-07 09:35:45', '2023-08-07 09:56:07'),
(302, 302, 1, 0, '2023-08-07 09:36:23', '2023-08-11 18:16:16'),
(303, 303, 1, 0, '2023-08-07 09:37:25', '2023-08-09 17:20:42'),
(304, 304, 1, 2, '2023-08-07 09:38:23', '2023-08-07 09:56:07'),
(305, 305, 1, 2, '2023-08-07 09:39:39', '2023-08-07 09:56:07'),
(306, 306, 1, 1, '2023-08-07 09:40:20', '2023-08-07 09:56:07'),
(307, 307, 1, 1, '2023-08-07 09:40:57', '2023-08-07 09:56:07'),
(308, 308, 1, 1, '2023-08-07 09:41:47', '2023-08-14 18:57:07'),
(309, 309, 1, 2, '2023-08-07 09:45:54', '2023-08-07 09:57:21'),
(310, 310, 1, 1, '2023-08-07 09:47:11', '2023-08-11 18:16:16'),
(311, 311, 1, 1, '2023-08-07 09:47:42', '2023-08-17 17:45:13'),
(312, 312, 1, 1, '2023-08-07 09:48:55', '2023-08-17 17:45:13'),
(313, 313, 1, 0, '2023-08-07 09:49:52', '2023-08-28 13:42:03'),
(314, 314, 1, 0, '2023-08-07 10:01:00', '2023-08-28 13:42:03'),
(315, 315, 1, 1, '2023-08-07 10:01:44', '2023-08-16 13:54:14'),
(316, 316, 1, 2, '2023-08-07 10:02:40', '2023-08-07 10:04:46'),
(317, 317, 1, 2, '2023-08-07 10:04:21', '2023-08-07 10:04:46'),
(318, 318, 1, 3, '2023-08-07 10:05:54', '2023-08-07 10:06:48'),
(319, 319, 1, 2, '2023-08-07 10:06:21', '2023-08-07 10:06:48'),
(320, 320, 1, 1, '2023-08-07 10:09:04', '2023-08-14 18:57:07'),
(321, 321, 1, 1, '2023-08-07 10:14:00', '2023-08-07 10:35:14'),
(322, 322, 1, 1, '2023-08-07 10:14:47', '2023-08-07 10:35:14'),
(323, 323, 1, 2, '2023-08-07 10:15:30', '2023-08-07 10:35:14'),
(324, 324, 1, 1, '2023-08-07 10:16:22', '2023-08-07 10:35:14'),
(325, 325, 1, 1, '2023-08-07 10:17:42', '2023-08-07 10:35:14'),
(326, 326, 1, 0, '2023-08-07 10:18:41', '2023-08-28 13:42:03'),
(327, 327, 1, 0, '2023-08-07 10:21:34', '2023-08-07 10:21:34'),
(328, 328, 1, 3, '2023-08-07 10:22:47', '2023-08-12 19:25:48'),
(329, 329, 1, 4, '2023-08-07 10:46:11', '2023-08-28 13:42:03'),
(330, 330, 1, 2, '2023-08-07 10:47:19', '2023-08-28 13:42:02'),
(331, 331, 1, 0, '2023-08-07 10:47:46', '2023-08-12 17:22:13'),
(332, 332, 1, 0, '2023-08-07 10:48:53', '2023-08-12 17:22:13'),
(333, 333, 1, 0, '2023-08-07 10:53:32', '2023-08-07 13:54:11'),
(334, 334, 1, 0, '2024-11-24 12:29:02', '2024-11-24 12:29:02');

-- --------------------------------------------------------

--
-- Structure de la table `entrees`
--

CREATE TABLE `entrees` (
  `id` bigint(20) UNSIGNED NOT NULL,
  `produit_id` bigint(20) UNSIGNED NOT NULL,
  `quantite` int(11) NOT NULL,
  `prixu` double DEFAULT NULL,
  `created_at` timestamp NULL DEFAULT NULL,
  `updated_at` timestamp NULL DEFAULT NULL,
  `facturee_id` bigint(20) UNSIGNED NOT NULL
) ENGINE=InnoDB DEFAULT CHARSET=utf8mb4 COLLATE=utf8mb4_unicode_ci;

--
-- Déchargement des données de la table `entrees`
--

INSERT INTO `entrees` (`id`, `produit_id`, `quantite`, `prixu`, `created_at`, `updated_at`, `facturee_id`) VALUES
(5, 4, 1, 55000, '2023-05-31 09:13:55', '2023-05-31 09:13:55', 4),
(6, 5, 2, 35000, '2023-05-31 09:13:55', '2023-05-31 09:13:55', 4),
(7, 6, 2, 110000, '2023-05-31 09:13:55', '2023-05-31 09:13:55', 4),
(8, 7, 1, 65000, '2023-05-31 09:13:55', '2023-05-31 09:13:55', 4),
(9, 8, 1, 65000, '2023-05-31 09:13:55', '2023-05-31 09:13:55', 4),
(10, 9, 1, 65000, '2023-05-31 09:13:55', '2023-05-31 09:13:55', 4),
(11, 10, 4, 55000, '2023-05-31 09:13:55', '2023-05-31 09:13:55', 4),
(12, 11, 4, 50000, '2023-05-31 09:13:55', '2023-05-31 09:13:55', 4),
(13, 12, 3, 35000, '2023-05-31 09:13:55', '2023-05-31 09:13:55', 4),
(14, 13, 1, 30000, '2023-05-31 09:13:55', '2023-05-31 09:13:55', 4),
(15, 14, 1, 45000, '2023-05-31 09:13:55', '2023-05-31 09:13:55', 4),
(16, 15, 2, 150000, '2023-05-31 09:13:55', '2023-05-31 09:13:55', 4),
(17, 16, 2, 56000, '2023-05-31 09:13:55', '2023-05-31 09:13:55', 4),
(18, 17, 1, 75000, '2023-05-31 09:13:55', '2023-05-31 09:13:55', 4),
(19, 18, 1, 55000, '2023-05-31 09:13:55', '2023-05-31 09:13:55', 4),
(20, 19, 1, 80000, '2023-05-31 09:13:55', '2023-05-31 09:13:55', 4),
(21, 20, 1, 80000, '2023-05-31 09:13:55', '2023-05-31 09:13:55', 4),
(22, 21, 4, 80000, '2023-05-31 09:13:55', '2023-05-31 09:13:55', 4),
(23, 22, 1, 100000, '2023-05-31 09:13:55', '2023-05-31 09:13:55', 4),
(24, 23, 1, 60000, '2023-05-31 09:13:55', '2023-05-31 09:13:55', 4),
(25, 24, 2, 32000, '2023-05-31 09:13:55', '2023-05-31 09:13:55', 4),
(26, 25, 1, 25000, '2023-05-31 09:13:55', '2023-05-31 09:13:55', 4),
(27, 26, 1, 20000, '2023-05-31 09:13:55', '2023-05-31 09:13:55', 4),
(28, 27, 2, 20000, '2023-05-31 09:13:55', '2023-05-31 09:13:55', 4),
(29, 28, 4, 0, '2023-05-31 09:16:58', '2023-05-31 09:16:58', 5),
(30, 29, 3, 0, '2023-05-31 09:28:28', '2023-05-31 09:28:28', 6),
(31, 30, 3, 0, '2023-05-31 09:28:28', '2023-05-31 09:28:28', 6),
(32, 31, 2, 0, '2023-05-31 09:28:28', '2023-05-31 09:28:28', 6),
(33, 32, 3, 0, '2023-05-31 09:28:28', '2023-05-31 09:28:28', 6),
(34, 33, 4, 0, '2023-05-31 09:28:28', '2023-05-31 09:28:28', 6),
(35, 35, 1, 0, '2023-05-31 09:28:28', '2023-05-31 09:28:28', 6),
(36, 36, 1, 0, '2023-05-31 09:28:28', '2023-05-31 09:28:28', 6),
(37, 34, 2, 0, '2023-05-31 09:38:31', '2023-05-31 09:38:31', 7),
(38, 37, 3, 0, '2023-05-31 09:38:31', '2023-05-31 09:38:31', 7),
(39, 38, 9, 0, '2023-05-31 09:38:31', '2023-05-31 09:38:31', 7),
(40, 40, 10, 0, '2023-05-31 09:52:50', '2023-05-31 09:52:50', 8),
(41, 41, 10, 0, '2023-05-31 09:52:50', '2023-05-31 09:52:50', 8),
(42, 42, 10, 0, '2023-05-31 09:52:50', '2023-05-31 09:52:50', 8),
(43, 43, 20, 0, '2023-05-31 09:52:50', '2023-05-31 09:52:50', 8),
(44, 44, 5, 0, '2023-05-31 09:52:50', '2023-05-31 09:52:50', 8),
(45, 39, 20, 0, '2023-05-31 09:52:50', '2023-05-31 09:52:50', 8),
(46, 38, 5, 0, '2023-05-31 09:52:50', '2023-05-31 09:52:50', 8),
(47, 44, 5, 0, '2023-05-31 10:04:57', '2023-05-31 10:04:57', 9),
(48, 45, 4, 0, '2023-05-31 10:04:57', '2023-05-31 10:04:57', 9),
(49, 46, 2, 0, '2023-05-31 10:04:58', '2023-05-31 10:04:58', 9),
(50, 47, 2, 0, '2023-05-31 10:04:58', '2023-05-31 10:04:58', 9),
(51, 48, 9, 0, '2023-05-31 10:04:58', '2023-05-31 10:04:58', 9),
(52, 49, 10, 0, '2023-05-31 10:04:58', '2023-05-31 10:04:58', 9),
(53, 50, 15, 0, '2023-05-31 10:08:20', '2023-05-31 10:08:20', 10),
(54, 38, 6, 0, '2023-05-31 10:10:59', '2023-05-31 10:10:59', 11),
(55, 51, 27, 0, '2023-05-31 11:35:29', '2023-05-31 11:35:29', 12),
(56, 52, 15, 0, '2023-05-31 11:35:29', '2023-05-31 11:35:29', 12),
(57, 53, 20, 0, '2023-05-31 11:35:29', '2023-05-31 11:35:29', 12),
(58, 54, 32, 0, '2023-05-31 11:35:29', '2023-05-31 11:35:29', 12),
(59, 55, 14, 0, '2023-05-31 11:35:29', '2023-05-31 11:35:29', 12),
(60, 58, 20, 0, '2023-05-31 11:35:29', '2023-05-31 11:35:29', 12),
(61, 59, 28, 0, '2023-05-31 11:35:29', '2023-05-31 11:35:29', 12),
(62, 63, 37, 0, '2023-05-31 11:35:29', '2023-05-31 11:35:29', 12),
(63, 64, 21, 0, '2023-05-31 11:35:29', '2023-05-31 11:35:29', 12),
(64, 68, 30, 0, '2023-05-31 11:35:29', '2023-05-31 11:35:29', 12),
(65, 69, 10, 0, '2023-05-31 11:35:29', '2023-05-31 11:35:29', 12),
(66, 74, 13, 0, '2023-05-31 11:35:29', '2023-05-31 11:35:29', 12),
(67, 76, 10, 0, '2023-05-31 11:35:29', '2023-05-31 11:35:29', 12),
(68, 77, 30, 0, '2023-05-31 11:35:29', '2023-05-31 11:35:29', 12),
(69, 78, 10, 0, '2023-05-31 11:35:29', '2023-05-31 11:35:29', 12),
(70, 79, 2, 0, '2023-05-31 11:35:29', '2023-05-31 11:35:29', 12),
(71, 80, 25, 0, '2023-05-31 11:35:29', '2023-05-31 11:35:29', 12),
(72, 81, 10, 0, '2023-05-31 11:35:29', '2023-05-31 11:35:29', 12),
(73, 74, 13, 0, '2023-05-31 11:35:29', '2023-05-31 11:35:29', 12),
(74, 72, 10, 0, '2023-05-31 11:35:29', '2023-05-31 11:35:29', 12),
(75, 73, 24, 0, '2023-05-31 11:38:07', '2023-05-31 11:38:07', 13),
(76, 82, 22, 0, '2023-05-31 11:41:10', '2023-05-31 11:41:10', 14),
(77, 84, 20, 0, '2023-05-31 11:47:26', '2023-05-31 11:47:26', 15),
(78, 83, 35, 0, '2023-05-31 11:47:26', '2023-05-31 11:47:26', 15),
(79, 85, 20, 0, '2023-05-31 11:52:00', '2023-05-31 11:52:00', 16),
(80, 86, 0, 0, '2023-05-31 11:52:00', '2023-05-31 11:52:00', 16),
(81, 87, 5, 0, '2023-05-31 11:52:00', '2023-05-31 11:52:00', 16),
(82, 88, 10, 0, '2023-05-31 11:54:33', '2023-05-31 11:54:33', 17),
(83, 93, 7, 0, '2023-05-31 12:17:23', '2023-05-31 12:17:23', 18),
(84, 90, 5, 0, '2023-05-31 12:17:23', '2023-05-31 12:17:23', 18),
(85, 89, 8, 0, '2023-05-31 12:17:23', '2023-05-31 12:17:23', 18),
(86, 91, 7, 0, '2023-05-31 12:17:23', '2023-05-31 12:17:23', 18),
(87, 92, 4, 0, '2023-05-31 12:18:37', '2023-05-31 12:18:37', 19),
(88, 94, 4, 0, '2023-05-31 12:22:51', '2023-05-31 12:22:51', 20),
(89, 95, 2, 0, '2023-05-31 12:22:51', '2023-05-31 12:22:51', 20),
(90, 98, 4, 0, '2023-05-31 12:26:48', '2023-05-31 12:26:48', 21),
(91, 97, 3, 0, '2023-05-31 12:26:48', '2023-05-31 12:26:48', 21),
(92, 96, 1, 0, '2023-05-31 12:26:48', '2023-05-31 12:26:48', 21),
(93, 99, 9, 0, '2023-05-31 12:30:30', '2023-05-31 12:30:30', 22),
(94, 100, 2, 0, '2023-05-31 12:30:30', '2023-05-31 12:30:30', 22),
(95, 101, 8, 0, '2023-05-31 12:30:30', '2023-05-31 12:30:30', 22),
(96, 102, 5, 0, '2023-05-31 12:32:57', '2023-05-31 12:32:57', 23),
(97, 103, 9, 0, '2023-05-31 12:35:04', '2023-05-31 12:35:04', 24),
(98, 104, 10, 0, '2023-05-31 12:38:46', '2023-05-31 12:38:46', 25),
(99, 105, 3, 0, '2023-05-31 12:38:46', '2023-05-31 12:38:46', 25),
(100, 106, 1, 0, '2023-05-31 12:42:02', '2023-05-31 12:42:02', 26),
(101, 30, 1, 0, '2023-05-31 12:42:38', '2023-05-31 12:42:38', 27),
(102, 108, 16, 0, '2023-05-31 13:28:52', '2023-05-31 13:28:52', 28),
(103, 107, 20, 0, '2023-05-31 13:28:52', '2023-05-31 13:28:52', 28),
(104, 109, 3, 0, '2023-06-01 08:27:15', '2023-06-01 08:27:15', 29),
(105, 110, 13, 0, '2023-06-01 08:27:15', '2023-06-01 08:27:15', 29),
(106, 112, 14, 0, '2023-06-01 08:27:15', '2023-06-01 08:27:15', 29),
(107, 113, 11, 0, '2023-06-01 08:27:15', '2023-06-01 08:27:15', 29),
(108, 114, 13, 0, '2023-06-01 08:27:15', '2023-06-01 08:27:15', 29),
(109, 115, 15, 0, '2023-06-01 08:29:43', '2023-06-01 08:29:43', 30),
(110, 116, 20, 0, '2023-06-01 08:29:43', '2023-06-01 08:29:43', 30),
(111, 117, 15, 0, '2023-06-01 08:29:43', '2023-06-01 08:29:43', 30),
(112, 118, 0, 0, '2023-06-01 08:29:43', '2023-06-01 08:29:43', 30),
(113, 119, 22, 0, '2023-06-01 08:29:43', '2023-06-01 08:29:43', 30),
(114, 120, 11, 0, '2023-06-01 08:29:43', '2023-06-01 08:29:43', 30),
(115, 121, 9, 0, '2023-06-01 08:29:43', '2023-06-01 08:29:43', 30),
(116, 122, 1, 0, '2023-06-01 08:29:43', '2023-06-01 08:29:43', 30),
(117, 123, 2, 0, '2023-06-01 08:29:43', '2023-06-01 08:29:43', 30),
(118, 124, 3, 0, '2023-06-01 08:29:43', '2023-06-01 08:29:43', 30),
(119, 125, 12, 0, '2023-06-01 08:42:55', '2023-06-01 08:42:55', 31),
(120, 127, 9, 0, '2023-06-01 08:42:55', '2023-06-01 08:42:55', 31),
(121, 128, 3, 0, '2023-06-01 08:42:55', '2023-06-01 08:42:55', 31),
(122, 129, 5, 0, '2023-06-01 08:42:55', '2023-06-01 08:42:55', 31),
(123, 130, 7, 0, '2023-06-01 08:42:55', '2023-06-01 08:42:55', 31),
(124, 131, 3, 0, '2023-06-01 08:42:55', '2023-06-01 08:42:55', 31),
(125, 133, 3, 0, '2023-06-01 08:42:55', '2023-06-01 08:42:55', 31),
(126, 132, 4, 0, '2023-06-01 08:49:38', '2023-06-01 08:49:38', 32),
(127, 135, 3, 0, '2023-06-01 08:49:38', '2023-06-01 08:49:38', 32),
(128, 136, 2, 0, '2023-06-01 08:49:38', '2023-06-01 08:49:38', 32),
(129, 137, 8, 0, '2023-06-01 08:49:38', '2023-06-01 08:49:38', 32),
(130, 138, 4, 0, '2023-06-01 08:49:38', '2023-06-01 08:49:38', 32),
(131, 139, 10, 0, '2023-06-01 08:49:38', '2023-06-01 08:49:38', 32),
(132, 140, 1, 0, '2023-06-01 08:49:38', '2023-06-01 08:49:38', 32),
(133, 141, 10, 0, '2023-06-01 08:49:38', '2023-06-01 08:49:38', 32),
(134, 142, 10, 0, '2023-06-01 08:49:38', '2023-06-01 08:49:38', 32),
(135, 143, 1, 0, '2023-06-01 08:49:38', '2023-06-01 08:49:38', 32),
(136, 144, 1, 0, '2023-06-01 08:49:38', '2023-06-01 08:49:38', 32),
(137, 145, 229, 0, '2023-06-01 08:49:38', '2023-06-01 08:49:38', 32),
(138, 146, 4, 0, '2023-06-01 08:49:38', '2023-06-01 08:49:38', 32),
(139, 147, 23, 0, '2023-06-01 08:49:38', '2023-06-01 08:49:38', 32),
(140, 148, 12, 0, '2023-06-01 08:49:38', '2023-06-01 08:49:38', 32),
(141, 149, 11, 0, '2023-06-01 08:49:38', '2023-06-01 08:49:38', 32),
(142, 150, 19, 0, '2023-06-01 08:49:38', '2023-06-01 08:49:38', 32),
(143, 151, 14, 0, '2023-06-01 08:49:38', '2023-06-01 08:49:38', 32),
(144, 153, 8, 0, '2023-06-01 09:01:49', '2023-06-01 09:01:49', 33),
(145, 154, 4, 0, '2023-06-01 09:01:49', '2023-06-01 09:01:49', 33),
(146, 155, 7, 0, '2023-06-01 09:01:49', '2023-06-01 09:01:49', 33),
(147, 157, 2, 0, '2023-06-01 09:01:49', '2023-06-01 09:01:49', 33),
(148, 158, 11, 0, '2023-06-01 09:01:49', '2023-06-01 09:01:49', 33),
(149, 159, 8, 0, '2023-06-01 09:01:49', '2023-06-01 09:01:49', 33),
(150, 156, 3, 0, '2023-06-01 09:04:38', '2023-06-01 09:04:38', 34),
(151, 164, 14, 0, '2023-06-01 09:04:38', '2023-06-01 09:04:38', 34),
(152, 166, 14, 0, '2023-06-01 09:04:38', '2023-06-01 09:04:38', 34),
(153, 167, 10, 0, '2023-06-01 09:04:38', '2023-06-01 09:04:38', 34),
(154, 168, 14, 0, '2023-06-01 09:04:38', '2023-06-01 09:04:38', 34),
(155, 169, 20, 0, '2023-06-01 09:04:38', '2023-06-01 09:04:38', 34),
(156, 170, 16, 0, '2023-06-01 09:04:38', '2023-06-01 09:04:38', 34),
(157, 171, 19, 0, '2023-06-01 09:04:38', '2023-06-01 09:04:38', 34),
(158, 172, 7, 0, '2023-06-01 09:04:38', '2023-06-01 09:04:38', 34),
(159, 173, 8, 0, '2023-06-01 09:04:38', '2023-06-01 09:04:38', 34),
(160, 174, 17, 0, '2023-06-01 09:04:38', '2023-06-01 09:04:38', 34),
(161, 175, 10, 0, '2023-06-01 09:09:13', '2023-06-01 09:09:13', 35),
(162, 176, 12, 0, '2023-06-01 09:09:13', '2023-06-01 09:09:13', 35),
(163, 177, 10, 0, '2023-06-01 09:09:13', '2023-06-01 09:09:13', 35),
(164, 178, 12, 0, '2023-06-01 09:09:13', '2023-06-01 09:09:13', 35),
(165, 179, 11, 0, '2023-06-01 09:09:13', '2023-06-01 09:09:13', 35),
(166, 181, 29, 0, '2023-06-01 09:09:13', '2023-06-01 09:09:13', 35),
(167, 182, 12, 0, '2023-06-01 09:09:13', '2023-06-01 09:09:13', 35),
(168, 184, 7, 0, '2023-06-01 09:09:13', '2023-06-01 09:09:13', 35),
(169, 185, 15, 0, '2023-06-01 09:09:13', '2023-06-01 09:09:13', 35),
(170, 186, 19, 0, '2023-06-01 09:09:13', '2023-06-01 09:09:13', 35),
(171, 187, 2, 0, '2023-06-01 09:09:13', '2023-06-01 09:09:13', 35),
(172, 60, 13, 0, '2023-06-14 09:26:00', '2023-06-14 09:26:00', 36),
(173, 190, 5, 0, '2023-06-19 10:23:15', '2023-06-19 10:23:15', 37),
(174, 191, 11, 0, '2023-06-19 10:23:15', '2023-06-19 10:23:15', 37),
(175, 192, 9, 0, '2023-06-19 10:23:15', '2023-06-19 10:23:15', 37),
(176, 193, 0, 0, '2023-06-19 10:23:15', '2023-06-19 10:23:15', 37),
(177, 112, 11, 0, '2023-06-19 10:25:21', '2023-06-19 10:25:21', 38),
(178, 196, 4, 0, '2023-06-20 07:45:59', '2023-06-20 07:45:59', 39),
(179, 59, 30, 0, '2023-06-21 09:40:42', '2023-06-21 09:40:42', 40),
(180, 57, 30, 0, '2023-06-21 09:40:42', '2023-06-21 09:40:42', 40),
(181, 58, 30, 0, '2023-06-21 09:42:07', '2023-06-21 09:42:07', 41),
(182, 197, 10, 0, '2023-06-21 09:43:54', '2023-06-21 09:43:54', 42),
(183, 64, 20, 0, '2023-06-21 09:44:18', '2023-06-21 09:44:18', 43),
(184, 79, 20, 0, '2023-06-21 09:45:15', '2023-06-21 09:45:15', 44),
(185, 78, 10, 0, '2023-06-21 09:45:15', '2023-06-21 09:45:15', 44),
(186, 52, 20, 0, '2023-06-21 09:46:21', '2023-06-21 09:46:21', 45),
(187, 198, 10, 0, '2023-06-21 09:50:02', '2023-06-21 09:50:02', 46),
(188, 200, 10, 0, '2023-06-21 09:50:02', '2023-06-21 09:50:02', 46),
(189, 96, 10, 0, '2023-06-21 09:50:43', '2023-06-21 09:50:43', 47),
(190, 100, 10, 0, '2023-06-21 09:51:58', '2023-06-21 09:51:58', 48),
(191, 108, 30, 0, '2023-06-21 09:52:55', '2023-06-21 09:52:55', 49),
(192, 201, 5, 0, '2023-06-21 09:54:36', '2023-06-21 09:54:36', 50),
(193, 123, 10, 0, '2023-06-21 10:02:10', '2023-06-21 10:02:10', 51),
(194, 122, 10, 0, '2023-06-21 10:02:10', '2023-06-21 10:02:10', 51),
(195, 124, 10, 0, '2023-06-21 10:02:10', '2023-06-21 10:02:10', 51),
(196, 193, 10, 0, '2023-06-21 10:04:56', '2023-06-21 10:04:56', 52),
(197, 110, 10, 0, '2023-06-21 10:04:56', '2023-06-21 10:04:56', 52),
(198, 113, 10, 0, '2023-06-21 10:04:56', '2023-06-21 10:04:56', 52),
(199, 114, 10, 0, '2023-06-21 10:04:56', '2023-06-21 10:04:56', 52),
(200, 118, 10, 0, '2023-06-21 10:04:56', '2023-06-21 10:04:56', 52),
(201, 128, 10, 0, '2023-06-21 10:05:33', '2023-06-21 10:05:33', 53),
(202, 125, 10, 0, '2023-06-21 10:05:33', '2023-06-21 10:05:33', 53),
(203, 204, 1, 0, '2023-06-21 10:08:46', '2023-06-21 10:08:46', 54),
(204, 203, 2, 0, '2023-06-21 10:08:46', '2023-06-21 10:08:46', 54),
(205, 202, 3, 0, '2023-06-21 10:08:46', '2023-06-21 10:08:46', 54),
(206, 205, 1, 0, '2023-06-21 10:24:02', '2023-06-21 10:24:02', 55),
(207, 29, 10, 0, '2023-06-21 10:24:34', '2023-06-21 10:24:34', 56),
(208, 206, 2, 0, '2023-06-21 10:26:20', '2023-06-21 10:26:20', 57),
(209, 11, 2, 50000, '2023-06-21 10:27:01', '2023-06-21 10:27:01', 58),
(210, 207, 13, 0, '2023-06-21 10:28:55', '2023-06-21 10:28:55', 59),
(211, 208, 2, 0, '2023-06-21 10:29:59', '2023-06-21 10:29:59', 60),
(212, 7, 1, 65000, '2023-06-21 10:30:22', '2023-06-21 10:30:22', 61),
(213, 209, 2, 0, '2023-06-21 10:31:13', '2023-06-21 10:31:13', 62),
(214, 4, 1, 55000, '2023-06-21 10:33:19', '2023-06-21 10:33:19', 63),
(215, 5, 2, 35000, '2023-06-21 10:33:19', '2023-06-21 10:33:19', 63),
(216, 211, 3, 0, '2023-06-21 10:34:08', '2023-06-21 10:34:08', 64),
(217, 212, 10, 0, '2023-06-21 10:39:10', '2023-06-21 10:39:10', 65),
(218, 8, 1, 65000, '2023-06-21 10:40:14', '2023-06-21 10:40:14', 66),
(219, 12, 8, 35000, '2023-06-21 10:55:20', '2023-06-21 10:55:20', 67),
(220, 209, 2, 0, '2023-06-21 10:57:19', '2023-06-21 10:57:19', 68),
(221, 216, 10, 0, '2023-06-21 11:02:20', '2023-06-21 11:02:20', 69),
(222, 217, 10, 0, '2023-06-21 11:02:20', '2023-06-21 11:02:20', 69),
(223, 218, 10, 0, '2023-06-21 11:02:20', '2023-06-21 11:02:20', 69),
(224, 219, 22, 0, '2023-06-21 11:05:59', '2023-06-21 11:05:59', 70),
(225, 220, 10, 0, '2023-06-21 11:17:21', '2023-06-21 11:17:21', 71),
(226, 34, 10, 0, '2023-06-21 11:18:03', '2023-06-21 11:18:03', 72),
(227, 221, 2, 0, '2023-06-21 11:20:34', '2023-06-21 11:20:34', 73),
(228, 222, 1, 0, '2023-06-21 11:20:34', '2023-06-21 11:20:34', 73),
(229, 223, 4, 0, '2023-06-21 11:21:57', '2023-06-21 11:21:57', 74),
(230, 224, 5, 0, '2023-06-21 11:23:18', '2023-06-21 11:23:18', 75),
(231, 225, 3, 0, '2023-06-21 11:24:37', '2023-06-21 11:24:37', 76),
(232, 226, 79, 0, '2023-06-21 11:27:02', '2023-06-21 11:27:02', 77),
(233, 227, 25, 0, '2023-06-21 11:28:21', '2023-06-21 11:28:21', 78),
(234, 228, 16, 0, '2023-06-21 11:30:15', '2023-06-21 11:30:15', 79),
(235, 228, 3, 0, '2023-06-21 11:30:43', '2023-06-21 11:30:43', 80),
(236, 229, 9, 0, '2023-06-21 11:32:39', '2023-06-21 11:32:39', 81),
(237, 230, 30, 0, '2023-06-21 11:37:05', '2023-06-21 11:37:05', 82),
(238, 231, 25, 0, '2023-06-21 11:37:05', '2023-06-21 11:37:05', 82),
(239, 232, 3, 0, '2023-06-21 11:37:05', '2023-06-21 11:37:05', 82),
(240, 233, 2, 0, '2023-06-21 11:38:29', '2023-06-21 11:38:29', 83),
(241, 234, 26, 0, '2023-06-21 11:42:34', '2023-06-21 11:42:34', 84),
(242, 235, 30, 0, '2023-06-21 11:50:30', '2023-06-21 11:50:30', 85),
(243, 236, 34, 0, '2023-06-21 11:50:30', '2023-06-21 11:50:30', 85),
(244, 237, 21, 0, '2023-06-21 11:58:32', '2023-06-21 11:58:32', 86),
(245, 238, 4, 0, '2023-06-21 12:05:00', '2023-06-21 12:05:00', 87),
(246, 239, 5, 0, '2023-06-21 12:11:09', '2023-06-21 12:11:09', 88),
(247, 215, 1, 0, '2023-06-22 07:29:31', '2023-06-22 07:29:31', 89),
(248, 240, 3, 0, '2023-06-23 10:42:20', '2023-06-23 10:42:20', 90),
(249, 241, 18, 0, '2023-06-27 10:01:11', '2023-06-27 10:01:11', 91),
(250, 242, 6, 0, '2023-06-27 10:01:11', '2023-06-27 10:01:11', 91),
(251, 243, 8, 0, '2023-06-27 10:01:11', '2023-06-27 10:01:11', 91),
(252, 244, 6, 0, '2023-06-27 10:01:11', '2023-06-27 10:01:11', 91),
(253, 245, 29, 0, '2023-06-27 10:01:11', '2023-06-27 10:01:11', 91),
(254, 246, 8, 0, '2023-06-27 10:01:11', '2023-06-27 10:01:11', 91),
(255, 247, 16, 0, '2023-06-27 10:05:29', '2023-06-27 10:05:29', 92),
(256, 248, 22, 0, '2023-06-27 10:07:20', '2023-06-27 10:07:20', 93),
(257, 249, 26, 0, '2023-06-27 10:09:07', '2023-06-27 10:09:07', 94),
(258, 249, 5, 0, '2023-06-27 10:10:38', '2023-06-27 10:10:38', 95),
(259, 250, 26, 0, '2023-06-27 10:15:10', '2023-06-27 10:15:10', 96),
(260, 252, 9, 0, '2023-06-27 10:19:04', '2023-06-27 10:19:04', 97),
(261, 253, 8, 0, '2023-06-27 10:22:49', '2023-06-27 10:22:49', 98),
(262, 254, 10, 0, '2023-06-27 10:28:59', '2023-06-27 10:28:59', 99),
(263, 255, 9, 0, '2023-06-27 10:28:59', '2023-06-27 10:28:59', 99),
(264, 256, 18, 0, '2023-06-27 10:28:59', '2023-06-27 10:28:59', 99),
(265, 257, 4, 0, '2023-06-27 10:28:59', '2023-06-27 10:28:59', 99),
(266, 258, 5, 0, '2023-06-27 10:28:59', '2023-06-27 10:28:59', 99),
(267, 259, 10, 0, '2023-06-27 10:33:52', '2023-06-27 10:33:52', 100),
(268, 260, 6, 0, '2023-06-27 10:35:23', '2023-06-27 10:35:23', 101),
(269, 261, 10, 0, '2023-06-27 10:38:27', '2023-06-27 10:38:27', 102),
(270, 262, 15, 0, '2023-06-27 10:38:27', '2023-06-27 10:38:27', 102),
(271, 264, 20, 0, '2023-07-13 10:15:22', '2023-07-13 10:15:22', 103),
(272, 265, 20, 0, '2023-07-13 10:15:22', '2023-07-13 10:15:22', 103),
(273, 153, 30, 0, '2023-07-13 10:16:24', '2023-07-13 10:16:24', 104),
(274, 172, 30, 0, '2023-07-13 10:33:47', '2023-07-13 10:33:47', 105),
(275, 173, 20, 0, '2023-07-13 10:33:47', '2023-07-13 10:33:47', 105),
(276, 167, 20, 0, '2023-07-13 10:34:30', '2023-07-13 10:34:30', 106),
(277, 168, 20, 0, '2023-07-13 10:35:07', '2023-07-13 10:35:07', 107),
(278, 179, 30, 0, '2023-07-13 10:37:25', '2023-07-13 10:37:25', 108),
(279, 176, 20, 0, '2023-07-13 10:37:25', '2023-07-13 10:37:25', 108),
(280, 177, 29, 0, '2023-07-13 10:37:25', '2023-07-13 10:37:25', 108),
(281, 178, 30, 0, '2023-07-13 10:37:25', '2023-07-13 10:37:25', 108),
(282, 266, 30, 0, '2023-07-13 10:40:15', '2023-07-13 10:40:15', 109),
(283, 59, 3, 0, '2023-07-20 07:18:17', '2023-07-20 07:18:17', 110),
(284, 5, 1, 35000, '2023-07-20 07:29:49', '2023-07-20 07:29:49', 111),
(285, 14, 1, 45000, '2023-07-20 07:29:49', '2023-07-20 07:29:49', 111),
(286, 22, 1, 100000, '2023-07-20 07:44:35', '2023-07-20 07:44:35', 112),
(287, 25, 1, 25000, '2023-07-20 07:55:31', '2023-07-20 07:55:31', 113),
(288, 31, 1, 0, '2023-07-20 08:01:54', '2023-07-20 08:01:54', 114),
(289, 32, 1, 0, '2023-07-20 08:03:39', '2023-07-20 08:03:39', 115),
(290, 34, 5, 0, '2023-07-20 08:05:08', '2023-07-20 08:05:08', 116),
(291, 39, 1, 0, '2023-07-20 08:06:32', '2023-07-20 08:06:32', 117),
(292, 69, 1, 0, '2023-07-20 08:14:25', '2023-07-20 08:14:25', 118),
(293, 74, 1, 0, '2023-07-20 08:23:59', '2023-07-20 08:23:59', 119),
(294, 79, 1, 0, '2023-07-20 08:27:56', '2023-07-20 08:27:56', 120),
(295, 87, 1, 0, '2023-07-20 08:32:34', '2023-07-20 08:32:34', 121),
(296, 107, 10, 0, '2023-07-20 08:50:17', '2023-07-20 08:50:17', 122),
(297, 113, 1, 0, '2023-07-20 08:55:28', '2023-07-20 08:55:28', 123),
(298, 113, 1, 0, '2023-07-20 08:56:40', '2023-07-20 08:56:40', 124),
(299, 118, 2, 0, '2023-07-20 08:58:32', '2023-07-20 08:58:32', 125),
(300, 119, 2, 0, '2023-07-20 09:02:50', '2023-07-20 09:02:50', 126),
(301, 139, 1, 0, '2023-07-20 09:21:23', '2023-07-20 09:21:23', 127),
(302, 150, 1, 0, '2023-07-20 10:27:21', '2023-07-20 10:27:21', 128),
(303, 154, 2, 0, '2023-07-20 10:27:21', '2023-07-20 10:27:21', 128),
(304, 155, 7, 0, '2023-07-20 10:45:31', '2023-07-20 10:45:31', 129),
(305, 156, 1, 0, '2023-07-20 10:45:31', '2023-07-20 10:45:31', 129),
(306, 158, 1, 0, '2023-07-20 10:49:19', '2023-07-20 10:49:19', 130),
(307, 157, 1, 0, '2023-07-20 10:49:19', '2023-07-20 10:49:19', 130),
(308, 154, 1, 0, '2023-07-20 10:50:35', '2023-07-20 10:50:35', 131),
(309, 163, 4, 0, '2023-07-20 11:02:10', '2023-07-20 11:02:10', 132),
(310, 163, 4, 0, '2023-07-20 11:02:10', '2023-07-20 11:02:10', 132),
(311, 162, 4, 0, '2023-07-20 11:03:54', '2023-07-20 11:03:54', 133),
(312, 163, 2, 0, '2023-07-20 11:05:27', '2023-07-20 11:05:27', 134),
(313, 165, 4, 0, '2023-07-20 11:14:44', '2023-07-20 11:14:44', 135),
(314, 166, 9, 0, '2023-07-20 11:18:08', '2023-07-20 11:18:08', 136),
(315, 172, 1, 0, '2023-07-20 11:34:19', '2023-07-20 11:34:19', 137),
(316, 171, 1, 0, '2023-07-20 11:34:19', '2023-07-20 11:34:19', 137),
(317, 175, 1, 0, '2023-07-20 11:41:15', '2023-07-20 11:41:15', 138),
(318, 73, 2, 0, '2023-08-03 11:20:34', '2023-08-03 11:20:34', 139),
(319, 82, 5, 0, '2023-08-03 11:23:24', '2023-08-03 11:23:24', 140),
(320, 268, 4, 0, '2023-08-03 15:34:02', '2023-08-03 15:34:02', 141),
(321, 152, 5, 0, '2023-08-03 17:00:26', '2023-08-03 17:00:26', 142),
(322, 69, 1, 0, '2023-08-03 19:11:11', '2023-08-03 19:11:11', 143),
(323, 73, 2, 0, '2023-08-03 19:12:32', '2023-08-03 19:12:32', 144),
(324, 11, 2, 50000, '2023-08-07 07:57:14', '2023-08-07 07:57:14', 145),
(325, 12, 1, 35000, '2023-08-07 07:57:14', '2023-08-07 07:57:14', 145),
(326, 269, 1, 0, '2023-08-07 07:58:54', '2023-08-07 07:58:54', 146),
(327, 205, 1, 0, '2023-08-07 07:58:54', '2023-08-07 07:58:54', 146),
(328, 270, 3, 0, '2023-08-07 08:00:08', '2023-08-07 08:00:08', 147),
(329, 273, 1, 0, '2023-08-07 08:09:13', '2023-08-07 08:09:13', 148),
(330, 215, 2, 0, '2023-08-07 08:09:13', '2023-08-07 08:09:13', 148),
(331, 271, 1, 0, '2023-08-07 08:09:13', '2023-08-07 08:09:13', 148),
(332, 208, 1, 0, '2023-08-07 08:09:13', '2023-08-07 08:09:13', 148),
(333, 274, 8, 0, '2023-08-07 08:09:13', '2023-08-07 08:09:13', 148),
(334, 275, 2, 0, '2023-08-07 08:09:13', '2023-08-07 08:09:13', 148),
(335, 214, 1, 0, '2023-08-07 08:09:13', '2023-08-07 08:09:13', 148),
(336, 8, 1, 65000, '2023-08-07 08:14:29', '2023-08-07 08:14:29', 149),
(337, 52, 30, 0, '2023-08-07 08:27:05', '2023-08-07 08:27:05', 150),
(338, 53, 20, 0, '2023-08-07 08:27:05', '2023-08-07 08:27:05', 150),
(339, 54, 30, 0, '2023-08-07 08:27:05', '2023-08-07 08:27:05', 150),
(340, 55, 8, 0, '2023-08-07 08:27:05', '2023-08-07 08:27:05', 150),
(341, 51, 20, 0, '2023-08-07 08:27:05', '2023-08-07 08:27:05', 150),
(342, 56, 10, 0, '2023-08-07 08:29:09', '2023-08-07 08:29:09', 151),
(343, 57, 10, 0, '2023-08-07 08:29:09', '2023-08-07 08:29:09', 151),
(344, 58, 14, 0, '2023-08-07 08:29:09', '2023-08-07 08:29:09', 151),
(345, 59, 11, 0, '2023-08-07 08:29:09', '2023-08-07 08:29:09', 151),
(346, 60, 5, 0, '2023-08-07 08:29:09', '2023-08-07 08:29:09', 151),
(347, 76, 10, 0, '2023-08-07 08:32:22', '2023-08-07 08:32:22', 152),
(348, 77, 14, 0, '2023-08-07 08:32:22', '2023-08-07 08:32:22', 152),
(349, 78, 20, 0, '2023-08-07 08:32:22', '2023-08-07 08:32:22', 152),
(350, 80, 30, 0, '2023-08-07 08:32:22', '2023-08-07 08:32:22', 152),
(351, 107, 30, 0, '2023-08-07 08:34:29', '2023-08-07 08:34:29', 153),
(352, 108, 20, 0, '2023-08-07 08:34:29', '2023-08-07 08:34:29', 153),
(353, 279, 10, 0, '2023-08-07 08:40:13', '2023-08-07 08:40:13', 154),
(354, 280, 10, 0, '2023-08-07 08:40:13', '2023-08-07 08:40:13', 154),
(355, 278, 10, 0, '2023-08-07 08:40:13', '2023-08-07 08:40:13', 154),
(356, 87, 10, 0, '2023-08-07 08:40:13', '2023-08-07 08:40:13', 154),
(357, 270, 2, 0, '2023-08-07 08:46:55', '2023-08-07 08:46:55', 155),
(358, 124, 10, 0, '2023-08-07 08:48:52', '2023-08-07 08:48:52', 156),
(359, 123, 10, 0, '2023-08-07 08:48:52', '2023-08-07 08:48:52', 156),
(360, 122, 10, 0, '2023-08-07 08:48:52', '2023-08-07 08:48:52', 156),
(361, 282, 10, 0, '2023-08-07 08:51:34', '2023-08-07 08:51:34', 157),
(362, 129, 10, 0, '2023-08-07 08:51:34', '2023-08-07 08:51:34', 157),
(363, 190, 10, 0, '2023-08-07 08:54:32', '2023-08-07 08:54:32', 158),
(364, 193, 10, 0, '2023-08-07 08:54:32', '2023-08-07 08:54:32', 158),
(365, 191, 9, 0, '2023-08-07 08:54:32', '2023-08-07 08:54:32', 158),
(366, 192, 9, 0, '2023-08-07 08:54:32', '2023-08-07 08:54:32', 158),
(367, 119, 15, 0, '2023-08-07 08:55:47', '2023-08-07 08:55:47', 159),
(368, 115, 10, 0, '2023-08-07 08:57:58', '2023-08-07 08:57:58', 160),
(369, 117, 9, 0, '2023-08-07 08:57:58', '2023-08-07 08:57:58', 160),
(370, 118, 9, 0, '2023-08-07 08:57:58', '2023-08-07 08:57:58', 160),
(371, 283, 4, 0, '2023-08-07 09:10:40', '2023-08-07 09:10:40', 161),
(372, 287, 3, 0, '2023-08-07 09:10:40', '2023-08-07 09:10:40', 161),
(373, 284, 10, 0, '2023-08-07 09:10:40', '2023-08-07 09:10:40', 161),
(374, 285, 3, 0, '2023-08-07 09:10:40', '2023-08-07 09:10:40', 161),
(375, 286, 3, 0, '2023-08-07 09:10:41', '2023-08-07 09:10:41', 161),
(376, 289, 7, 0, '2023-08-07 09:12:50', '2023-08-07 09:12:50', 162),
(377, 290, 6, 0, '2023-08-07 09:15:30', '2023-08-07 09:15:30', 163),
(378, 291, 5, 0, '2023-08-07 09:15:30', '2023-08-07 09:15:30', 163),
(379, 218, 5, 0, '2023-08-07 09:17:24', '2023-08-07 09:17:24', 164),
(380, 216, 3, 0, '2023-08-07 09:17:24', '2023-08-07 09:17:24', 164),
(381, 292, 8, 0, '2023-08-07 09:22:17', '2023-08-07 09:22:17', 165),
(382, 294, 2, 0, '2023-08-07 09:56:07', '2023-08-07 09:56:07', 166),
(383, 295, 2, 0, '2023-08-07 09:56:07', '2023-08-07 09:56:07', 166),
(384, 296, 2, 0, '2023-08-07 09:56:07', '2023-08-07 09:56:07', 166),
(385, 298, 1, 0, '2023-08-07 09:56:07', '2023-08-07 09:56:07', 166),
(386, 299, 2, 0, '2023-08-07 09:56:07', '2023-08-07 09:56:07', 166),
(387, 300, 1, 0, '2023-08-07 09:56:07', '2023-08-07 09:56:07', 166),
(388, 301, 1, 0, '2023-08-07 09:56:07', '2023-08-07 09:56:07', 166),
(389, 302, 1, 0, '2023-08-07 09:56:07', '2023-08-07 09:56:07', 166),
(390, 303, 1, 0, '2023-08-07 09:56:07', '2023-08-07 09:56:07', 166),
(391, 304, 2, 0, '2023-08-07 09:56:07', '2023-08-07 09:56:07', 166),
(392, 305, 2, 0, '2023-08-07 09:56:07', '2023-08-07 09:56:07', 166),
(393, 306, 1, 0, '2023-08-07 09:56:07', '2023-08-07 09:56:07', 166),
(394, 307, 1, 0, '2023-08-07 09:56:07', '2023-08-07 09:56:07', 166),
(395, 308, 2, 0, '2023-08-07 09:56:07', '2023-08-07 09:56:07', 166),
(396, 309, 1, 0, '2023-08-07 09:56:07', '2023-08-07 09:56:07', 166),
(397, 310, 2, 0, '2023-08-07 09:56:07', '2023-08-07 09:56:07', 166),
(398, 312, 2, 0, '2023-08-07 09:56:07', '2023-08-07 09:56:07', 166),
(399, 313, 1, 0, '2023-08-07 09:56:07', '2023-08-07 09:56:07', 166),
(400, 311, 3, 0, '2023-08-07 09:56:08', '2023-08-07 09:56:08', 166),
(401, 297, 2, 0, '2023-08-07 09:56:41', '2023-08-07 09:56:41', 167),
(402, 293, 3, 0, '2023-08-07 09:57:21', '2023-08-07 09:57:21', 168),
(403, 309, 1, 0, '2023-08-07 09:57:21', '2023-08-07 09:57:21', 168),
(404, 314, 2, 0, '2023-08-07 10:04:46', '2023-08-07 10:04:46', 169),
(405, 315, 2, 0, '2023-08-07 10:04:46', '2023-08-07 10:04:46', 169),
(406, 316, 2, 0, '2023-08-07 10:04:46', '2023-08-07 10:04:46', 169),
(407, 317, 2, 0, '2023-08-07 10:04:46', '2023-08-07 10:04:46', 169),
(408, 318, 3, 0, '2023-08-07 10:06:48', '2023-08-07 10:06:48', 170),
(409, 319, 2, 0, '2023-08-07 10:06:48', '2023-08-07 10:06:48', 170),
(410, 320, 2, 0, '2023-08-07 10:35:14', '2023-08-07 10:35:14', 171),
(411, 321, 1, 0, '2023-08-07 10:35:14', '2023-08-07 10:35:14', 171),
(412, 322, 1, 0, '2023-08-07 10:35:14', '2023-08-07 10:35:14', 171),
(413, 323, 2, 0, '2023-08-07 10:35:14', '2023-08-07 10:35:14', 171),
(414, 324, 1, 0, '2023-08-07 10:35:14', '2023-08-07 10:35:14', 171),
(415, 325, 1, 0, '2023-08-07 10:35:14', '2023-08-07 10:35:14', 171),
(416, 326, 1, 0, '2023-08-07 10:35:14', '2023-08-07 10:35:14', 171),
(417, 328, 5, 0, '2023-08-07 10:35:14', '2023-08-07 10:35:14', 171),
(418, 330, 8, 0, '2023-08-07 10:52:33', '2023-08-07 10:52:33', 172),
(419, 331, 5, 0, '2023-08-07 10:52:33', '2023-08-07 10:52:33', 172),
(420, 202, 5, 0, '2023-08-07 10:52:33', '2023-08-07 10:52:33', 172),
(421, 332, 4, 0, '2023-08-07 10:52:33', '2023-08-07 10:52:33', 172),
(422, 333, 1, 0, '2023-08-07 10:53:58', '2023-08-07 10:53:58', 173),
(423, 329, 8, 0, '2023-08-07 10:54:25', '2023-08-07 10:54:25', 174),
(424, 4, 200, 55000, '2024-11-24 12:00:21', '2024-11-24 12:00:21', 176),
(425, 5, 100, 35000, '2024-11-24 12:00:21', '2024-11-24 12:00:21', 176);

-- --------------------------------------------------------

--
-- Structure de la table `facturees`
--

CREATE TABLE `facturees` (
  `id` bigint(20) UNSIGNED NOT NULL,
  `depot_id` bigint(20) UNSIGNED NOT NULL,
  `fournisseur_id` bigint(20) UNSIGNED DEFAULT NULL,
  `created_at` timestamp NULL DEFAULT NULL,
  `updated_at` timestamp NULL DEFAULT NULL
) ENGINE=InnoDB DEFAULT CHARSET=utf8mb4 COLLATE=utf8mb4_unicode_ci;

--
-- Déchargement des données de la table `facturees`
--

INSERT INTO `facturees` (`id`, `depot_id`, `fournisseur_id`, `created_at`, `updated_at`) VALUES
(4, 1, NULL, '2023-05-31 09:13:55', '2023-05-31 09:13:55'),
(5, 1, NULL, '2023-05-31 09:16:58', '2023-05-31 09:16:58'),
(6, 1, NULL, '2023-05-31 09:28:28', '2023-05-31 09:28:28'),
(7, 1, NULL, '2023-05-31 09:38:31', '2023-05-31 09:38:31'),
(8, 1, NULL, '2023-05-31 09:52:50', '2023-05-31 09:52:50'),
(9, 1, NULL, '2023-05-31 10:04:57', '2023-05-31 10:04:57'),
(10, 1, NULL, '2023-05-31 10:08:20', '2023-05-31 10:08:20'),
(11, 1, NULL, '2023-05-31 10:10:59', '2023-05-31 10:10:59'),
(12, 1, NULL, '2023-05-31 11:35:29', '2023-05-31 11:35:29'),
(13, 1, NULL, '2023-05-31 11:38:07', '2023-05-31 11:38:07'),
(14, 1, NULL, '2023-05-31 11:41:10', '2023-05-31 11:41:10'),
(15, 1, NULL, '2023-05-31 11:47:26', '2023-05-31 11:47:26'),
(16, 1, NULL, '2023-05-31 11:52:00', '2023-05-31 11:52:00'),
(17, 1, NULL, '2023-05-31 11:54:33', '2023-05-31 11:54:33'),
(18, 1, NULL, '2023-05-31 12:17:23', '2023-05-31 12:17:23'),
(19, 1, NULL, '2023-05-31 12:18:37', '2023-05-31 12:18:37'),
(20, 1, NULL, '2023-05-31 12:22:51', '2023-05-31 12:22:51'),
(21, 1, NULL, '2023-05-31 12:26:48', '2023-05-31 12:26:48'),
(22, 1, NULL, '2023-05-31 12:30:30', '2023-05-31 12:30:30'),
(23, 1, NULL, '2023-05-31 12:32:57', '2023-05-31 12:32:57'),
(24, 1, NULL, '2023-05-31 12:35:04', '2023-05-31 12:35:04'),
(25, 1, NULL, '2023-05-31 12:38:46', '2023-05-31 12:38:46'),
(26, 1, NULL, '2023-05-31 12:42:02', '2023-05-31 12:42:02'),
(27, 1, NULL, '2023-05-31 12:42:38', '2023-05-31 12:42:38'),
(28, 1, NULL, '2023-05-31 13:28:52', '2023-05-31 13:28:52'),
(29, 1, NULL, '2023-06-01 08:27:15', '2023-06-01 08:27:15'),
(30, 1, NULL, '2023-06-01 08:29:43', '2023-06-01 08:29:43'),
(31, 1, NULL, '2023-06-01 08:42:55', '2023-06-01 08:42:55'),
(32, 1, NULL, '2023-06-01 08:49:38', '2023-06-01 08:49:38'),
(33, 1, NULL, '2023-06-01 09:01:49', '2023-06-01 09:01:49'),
(34, 1, NULL, '2023-06-01 09:04:38', '2023-06-01 09:04:38'),
(35, 1, NULL, '2023-06-01 09:09:13', '2023-06-01 09:09:13'),
(36, 1, NULL, '2023-06-14 09:26:00', '2023-06-14 09:26:00'),
(37, 1, NULL, '2023-06-19 10:23:15', '2023-06-19 10:23:15'),
(38, 1, NULL, '2023-06-19 10:25:21', '2023-06-19 10:25:21'),
(39, 1, NULL, '2023-06-20 07:45:59', '2023-06-20 07:45:59'),
(40, 1, NULL, '2023-06-21 09:40:42', '2023-06-21 09:40:42'),
(41, 1, NULL, '2023-06-21 09:42:07', '2023-06-21 09:42:07'),
(42, 1, NULL, '2023-06-21 09:43:54', '2023-06-21 09:43:54'),
(43, 1, NULL, '2023-06-21 09:44:18', '2023-06-21 09:44:18'),
(44, 1, NULL, '2023-06-21 09:45:15', '2023-06-21 09:45:15'),
(45, 1, NULL, '2023-06-21 09:46:21', '2023-06-21 09:46:21'),
(46, 1, NULL, '2023-06-21 09:50:02', '2023-06-21 09:50:02'),
(47, 1, NULL, '2023-06-21 09:50:43', '2023-06-21 09:50:43'),
(48, 1, NULL, '2023-06-21 09:51:58', '2023-06-21 09:51:58'),
(49, 1, NULL, '2023-06-21 09:52:55', '2023-06-21 09:52:55'),
(50, 1, NULL, '2023-06-21 09:54:36', '2023-06-21 09:54:36'),
(51, 1, NULL, '2023-06-21 10:02:10', '2023-06-21 10:02:10'),
(52, 1, NULL, '2023-06-21 10:04:56', '2023-06-21 10:04:56'),
(53, 1, NULL, '2023-06-21 10:05:33', '2023-06-21 10:05:33'),
(54, 1, NULL, '2023-06-21 10:08:46', '2023-06-21 10:08:46'),
(55, 1, NULL, '2023-06-21 10:24:02', '2023-06-21 10:24:02'),
(56, 1, NULL, '2023-06-21 10:24:34', '2023-06-21 10:24:34'),
(57, 1, NULL, '2023-06-21 10:26:20', '2023-06-21 10:26:20'),
(58, 1, NULL, '2023-06-21 10:27:01', '2023-06-21 10:27:01'),
(59, 1, NULL, '2023-06-21 10:28:55', '2023-06-21 10:28:55'),
(60, 1, NULL, '2023-06-21 10:29:59', '2023-06-21 10:29:59'),
(61, 1, NULL, '2023-06-21 10:30:22', '2023-06-21 10:30:22'),
(62, 1, NULL, '2023-06-21 10:31:13', '2023-06-21 10:31:13'),
(63, 1, NULL, '2023-06-21 10:33:19', '2023-06-21 10:33:19'),
(64, 1, NULL, '2023-06-21 10:34:08', '2023-06-21 10:34:08'),
(65, 1, NULL, '2023-06-21 10:39:10', '2023-06-21 10:39:10'),
(66, 1, NULL, '2023-06-21 10:40:14', '2023-06-21 10:40:14'),
(67, 1, NULL, '2023-06-21 10:55:20', '2023-06-21 10:55:20'),
(68, 1, NULL, '2023-06-21 10:57:19', '2023-06-21 10:57:19'),
(69, 1, NULL, '2023-06-21 11:02:20', '2023-06-21 11:02:20'),
(70, 1, NULL, '2023-06-21 11:05:59', '2023-06-21 11:05:59'),
(71, 1, NULL, '2023-06-21 11:17:21', '2023-06-21 11:17:21'),
(72, 1, NULL, '2023-06-21 11:18:03', '2023-06-21 11:18:03'),
(73, 1, NULL, '2023-06-21 11:20:34', '2023-06-21 11:20:34'),
(74, 1, NULL, '2023-06-21 11:21:57', '2023-06-21 11:21:57'),
(75, 1, NULL, '2023-06-21 11:23:18', '2023-06-21 11:23:18'),
(76, 1, NULL, '2023-06-21 11:24:37', '2023-06-21 11:24:37'),
(77, 1, NULL, '2023-06-21 11:27:02', '2023-06-21 11:27:02'),
(78, 1, NULL, '2023-06-21 11:28:21', '2023-06-21 11:28:21'),
(79, 1, NULL, '2023-06-21 11:30:15', '2023-06-21 11:30:15'),
(80, 1, NULL, '2023-06-21 11:30:43', '2023-06-21 11:30:43'),
(81, 1, NULL, '2023-06-21 11:32:39', '2023-06-21 11:32:39'),
(82, 1, NULL, '2023-06-21 11:37:05', '2023-06-21 11:37:05'),
(83, 1, NULL, '2023-06-21 11:38:29', '2023-06-21 11:38:29'),
(84, 1, NULL, '2023-06-21 11:42:34', '2023-06-21 11:42:34'),
(85, 1, NULL, '2023-06-21 11:50:30', '2023-06-21 11:50:30'),
(86, 1, NULL, '2023-06-21 11:58:32', '2023-06-21 11:58:32'),
(87, 1, NULL, '2023-06-21 12:05:00', '2023-06-21 12:05:00'),
(88, 1, NULL, '2023-06-21 12:11:09', '2023-06-21 12:11:09'),
(89, 1, NULL, '2023-06-22 07:29:31', '2023-06-22 07:29:31'),
(90, 1, NULL, '2023-06-23 10:42:20', '2023-06-23 10:42:20'),
(91, 1, NULL, '2023-06-27 10:01:11', '2023-06-27 10:01:11'),
(92, 1, NULL, '2023-06-27 10:05:29', '2023-06-27 10:05:29'),
(93, 1, NULL, '2023-06-27 10:07:20', '2023-06-27 10:07:20'),
(94, 1, NULL, '2023-06-27 10:09:07', '2023-06-27 10:09:07'),
(95, 1, NULL, '2023-06-27 10:10:38', '2023-06-27 10:10:38'),
(96, 1, NULL, '2023-06-27 10:15:10', '2023-06-27 10:15:10'),
(97, 1, NULL, '2023-06-27 10:19:04', '2023-06-27 10:19:04'),
(98, 1, NULL, '2023-06-27 10:22:49', '2023-06-27 10:22:49'),
(99, 1, NULL, '2023-06-27 10:28:59', '2023-06-27 10:28:59'),
(100, 1, NULL, '2023-06-27 10:33:52', '2023-06-27 10:33:52'),
(101, 1, NULL, '2023-06-27 10:35:23', '2023-06-27 10:35:23'),
(102, 1, NULL, '2023-06-27 10:38:27', '2023-06-27 10:38:27'),
(103, 1, NULL, '2023-07-13 10:15:22', '2023-07-13 10:15:22'),
(104, 1, NULL, '2023-07-13 10:16:24', '2023-07-13 10:16:24'),
(105, 1, NULL, '2023-07-13 10:33:47', '2023-07-13 10:33:47'),
(106, 1, NULL, '2023-07-13 10:34:30', '2023-07-13 10:34:30'),
(107, 1, NULL, '2023-07-13 10:35:07', '2023-07-13 10:35:07'),
(108, 1, NULL, '2023-07-13 10:37:25', '2023-07-13 10:37:25'),
(109, 1, NULL, '2023-07-13 10:40:15', '2023-07-13 10:40:15'),
(110, 1, NULL, '2023-07-20 07:18:17', '2023-07-20 07:18:17'),
(111, 1, NULL, '2023-07-20 07:29:49', '2023-07-20 07:29:49'),
(112, 1, NULL, '2023-07-20 07:44:35', '2023-07-20 07:44:35'),
(113, 1, NULL, '2023-07-20 07:55:31', '2023-07-20 07:55:31'),
(114, 1, NULL, '2023-07-20 08:01:54', '2023-07-20 08:01:54'),
(115, 1, NULL, '2023-07-20 08:03:39', '2023-07-20 08:03:39'),
(116, 1, NULL, '2023-07-20 08:05:08', '2023-07-20 08:05:08'),
(117, 1, NULL, '2023-07-20 08:06:32', '2023-07-20 08:06:32'),
(118, 1, NULL, '2023-07-20 08:14:25', '2023-07-20 08:14:25'),
(119, 1, NULL, '2023-07-20 08:23:59', '2023-07-20 08:23:59'),
(120, 1, NULL, '2023-07-20 08:27:56', '2023-07-20 08:27:56'),
(121, 1, NULL, '2023-07-20 08:32:34', '2023-07-20 08:32:34'),
(122, 1, NULL, '2023-07-20 08:50:17', '2023-07-20 08:50:17'),
(123, 1, NULL, '2023-07-20 08:55:28', '2023-07-20 08:55:28'),
(124, 1, NULL, '2023-07-20 08:56:40', '2023-07-20 08:56:40'),
(125, 1, NULL, '2023-07-20 08:58:32', '2023-07-20 08:58:32'),
(126, 1, NULL, '2023-07-20 09:02:50', '2023-07-20 09:02:50'),
(127, 1, NULL, '2023-07-20 09:21:23', '2023-07-20 09:21:23'),
(128, 1, NULL, '2023-07-20 10:27:21', '2023-07-20 10:27:21'),
(129, 1, NULL, '2023-07-20 10:45:31', '2023-07-20 10:45:31'),
(130, 1, NULL, '2023-07-20 10:49:19', '2023-07-20 10:49:19'),
(131, 1, NULL, '2023-07-20 10:50:35', '2023-07-20 10:50:35'),
(132, 1, NULL, '2023-07-20 11:02:10', '2023-07-20 11:02:10'),
(133, 1, NULL, '2023-07-20 11:03:54', '2023-07-20 11:03:54'),
(134, 1, NULL, '2023-07-20 11:05:27', '2023-07-20 11:05:27'),
(135, 1, NULL, '2023-07-20 11:14:44', '2023-07-20 11:14:44'),
(136, 1, NULL, '2023-07-20 11:18:08', '2023-07-20 11:18:08'),
(137, 1, NULL, '2023-07-20 11:34:18', '2023-07-20 11:34:18'),
(138, 1, NULL, '2023-07-20 11:41:15', '2023-07-20 11:41:15'),
(139, 1, NULL, '2023-08-03 11:20:34', '2023-08-03 11:20:34'),
(140, 1, NULL, '2023-08-03 11:23:24', '2023-08-03 11:23:24'),
(141, 1, NULL, '2023-08-03 15:34:02', '2023-08-03 15:34:02'),
(142, 1, NULL, '2023-08-03 17:00:26', '2023-08-03 17:00:26'),
(143, 1, NULL, '2023-08-03 19:11:11', '2023-08-03 19:11:11'),
(144, 1, NULL, '2023-08-03 19:12:32', '2023-08-03 19:12:32'),
(145, 1, NULL, '2023-08-07 07:57:14', '2023-08-07 07:57:14'),
(146, 1, NULL, '2023-08-07 07:58:54', '2023-08-07 07:58:54'),
(147, 1, NULL, '2023-08-07 08:00:08', '2023-08-07 08:00:08'),
(148, 1, NULL, '2023-08-07 08:09:13', '2023-08-07 08:09:13'),
(149, 1, NULL, '2023-08-07 08:14:29', '2023-08-07 08:14:29'),
(150, 1, NULL, '2023-08-07 08:27:05', '2023-08-07 08:27:05'),
(151, 1, NULL, '2023-08-07 08:29:09', '2023-08-07 08:29:09'),
(152, 1, NULL, '2023-08-07 08:32:22', '2023-08-07 08:32:22'),
(153, 1, NULL, '2023-08-07 08:34:29', '2023-08-07 08:34:29'),
(154, 1, NULL, '2023-08-07 08:40:13', '2023-08-07 08:40:13'),
(155, 1, NULL, '2023-08-07 08:46:55', '2023-08-07 08:46:55'),
(156, 1, NULL, '2023-08-07 08:48:52', '2023-08-07 08:48:52'),
(157, 1, NULL, '2023-08-07 08:51:34', '2023-08-07 08:51:34'),
(158, 1, NULL, '2023-08-07 08:54:32', '2023-08-07 08:54:32'),
(159, 1, NULL, '2023-08-07 08:55:47', '2023-08-07 08:55:47'),
(160, 1, NULL, '2023-08-07 08:57:58', '2023-08-07 08:57:58'),
(161, 1, NULL, '2023-08-07 09:10:40', '2023-08-07 09:10:40'),
(162, 1, NULL, '2023-08-07 09:12:50', '2023-08-07 09:12:50'),
(163, 1, NULL, '2023-08-07 09:15:30', '2023-08-07 09:15:30'),
(164, 1, NULL, '2023-08-07 09:17:24', '2023-08-07 09:17:24'),
(165, 1, NULL, '2023-08-07 09:22:17', '2023-08-07 09:22:17'),
(166, 1, NULL, '2023-08-07 09:56:07', '2023-08-07 09:56:07'),
(167, 1, NULL, '2023-08-07 09:56:41', '2023-08-07 09:56:41'),
(168, 1, NULL, '2023-08-07 09:57:21', '2023-08-07 09:57:21'),
(169, 1, NULL, '2023-08-07 10:04:46', '2023-08-07 10:04:46'),
(170, 1, NULL, '2023-08-07 10:06:48', '2023-08-07 10:06:48'),
(171, 1, NULL, '2023-08-07 10:35:14', '2023-08-07 10:35:14'),
(172, 1, NULL, '2023-08-07 10:52:33', '2023-08-07 10:52:33'),
(173, 1, NULL, '2023-08-07 10:53:58', '2023-08-07 10:53:58'),
(174, 1, NULL, '2023-08-07 10:54:25', '2023-08-07 10:54:25'),
(175, 1, 1, '2024-11-24 11:57:27', '2024-11-24 11:57:27'),
(176, 1, 1, '2024-11-24 12:00:21', '2024-11-24 12:00:21');

-- --------------------------------------------------------

--
-- Structure de la table `factures`
--

CREATE TABLE `factures` (
  `id` bigint(20) UNSIGNED NOT NULL,
  `depot_id` bigint(20) UNSIGNED NOT NULL,
  `client_id` bigint(20) UNSIGNED DEFAULT NULL,
  `created_at` timestamp NULL DEFAULT NULL,
  `updated_at` timestamp NULL DEFAULT NULL,
  `total` int(11) NOT NULL,
  `recu` int(11) NOT NULL,
  `restant` int(11) NOT NULL
) ENGINE=InnoDB DEFAULT CHARSET=utf8mb4 COLLATE=utf8mb4_unicode_ci;

--
-- Déchargement des données de la table `factures`
--

INSERT INTO `factures` (`id`, `depot_id`, `client_id`, `created_at`, `updated_at`, `total`, `recu`, `restant`) VALUES
(5, 1, NULL, '2023-05-31 13:00:08', '2023-05-31 13:00:08', 0, 0, 0),
(6, 1, NULL, '2023-05-31 13:01:46', '2023-05-31 13:01:46', 0, 0, 0),
(7, 1, NULL, '2023-05-31 13:04:39', '2023-05-31 13:04:39', 0, 0, 0),
(9, 1, 2, '2023-06-02 08:34:13', '2023-06-02 08:34:13', 0, 0, 0),
(10, 1, NULL, '2023-06-02 08:38:20', '2023-06-02 08:38:20', 0, 0, 0),
(12, 1, NULL, '2023-06-02 08:40:20', '2023-06-02 08:40:20', 0, 0, 0),
(13, 1, NULL, '2023-06-02 08:41:03', '2023-06-02 08:41:03', 0, 0, 0),
(14, 1, NULL, '2023-06-02 08:45:44', '2023-06-02 08:45:44', 0, 0, 0),
(15, 1, NULL, '2023-06-02 09:03:24', '2023-06-02 09:03:24', 0, 0, 0),
(16, 1, NULL, '2023-06-02 09:04:56', '2023-06-02 09:04:56', 0, 0, 0),
(17, 1, NULL, '2023-06-02 09:13:22', '2023-06-02 09:13:22', 0, 0, 0),
(18, 1, NULL, '2023-06-02 09:19:24', '2023-06-02 09:19:24', 0, 0, 0),
(19, 1, NULL, '2023-06-02 09:40:17', '2023-06-02 09:40:17', 0, 0, 0),
(20, 1, NULL, '2023-06-02 10:38:15', '2023-06-02 10:38:15', 0, 0, 0),
(21, 1, NULL, '2023-06-02 10:49:06', '2023-06-02 10:49:06', 0, 0, 0),
(22, 1, NULL, '2023-06-02 11:08:40', '2023-06-02 11:08:40', 0, 0, 0),
(23, 1, NULL, '2023-06-02 11:45:06', '2023-06-02 11:45:06', 0, 0, 0),
(24, 1, NULL, '2023-06-02 12:38:48', '2023-06-02 12:38:48', 0, 0, 0),
(25, 1, NULL, '2023-06-02 12:40:02', '2023-06-02 12:40:02', 0, 0, 0),
(26, 1, NULL, '2023-06-03 08:50:49', '2023-06-03 08:50:49', 0, 0, 0),
(27, 1, NULL, '2023-06-03 09:03:24', '2023-06-03 09:03:24', 0, 0, 0),
(28, 1, NULL, '2023-06-03 11:14:36', '2023-06-03 11:14:36', 0, 0, 0),
(29, 1, NULL, '2023-06-03 11:21:25', '2023-06-03 11:21:25', 0, 0, 0),
(30, 1, NULL, '2023-06-03 11:50:28', '2023-06-03 11:50:28', 0, 0, 0),
(31, 1, NULL, '2023-06-03 12:53:06', '2023-06-03 12:53:06', 0, 0, 0),
(32, 1, NULL, '2023-06-03 12:53:35', '2023-06-03 12:53:35', 0, 0, 0),
(33, 1, NULL, '2023-06-03 14:01:01', '2023-06-03 14:01:01', 0, 0, 0),
(34, 1, NULL, '2023-06-03 17:24:02', '2023-06-03 17:24:02', 0, 0, 0),
(35, 1, NULL, '2023-06-04 09:37:47', '2023-06-04 09:37:47', 0, 0, 0),
(36, 1, NULL, '2023-06-04 09:44:50', '2023-06-04 09:44:50', 0, 0, 0),
(37, 1, NULL, '2023-06-04 09:46:21', '2023-06-04 09:46:21', 0, 0, 0),
(38, 1, NULL, '2023-06-04 13:23:38', '2023-06-04 13:23:38', 0, 0, 0),
(39, 1, NULL, '2023-06-04 13:53:12', '2023-06-04 13:53:12', 0, 0, 0),
(40, 1, NULL, '2023-06-04 14:37:27', '2023-06-04 14:37:27', 0, 0, 0),
(41, 1, NULL, '2023-06-04 16:42:27', '2023-06-04 16:42:27', 0, 0, 0),
(42, 1, NULL, '2023-06-04 16:47:14', '2023-06-04 16:47:14', 0, 0, 0),
(43, 1, NULL, '2023-06-04 17:32:58', '2023-06-04 17:32:58', 0, 0, 0),
(44, 1, NULL, '2023-06-05 08:31:34', '2023-06-05 08:31:34', 0, 0, 0),
(45, 1, NULL, '2023-06-05 08:36:37', '2023-06-05 08:36:37', 0, 0, 0),
(46, 1, NULL, '2023-06-05 09:25:59', '2023-06-05 09:25:59', 0, 0, 0),
(47, 1, NULL, '2023-06-05 11:01:36', '2023-06-05 11:01:36', 0, 0, 0),
(48, 1, NULL, '2023-06-05 14:40:57', '2023-06-05 14:40:57', 0, 0, 0),
(49, 1, NULL, '2023-06-05 16:13:35', '2023-06-05 16:13:35', 0, 0, 0),
(50, 1, NULL, '2023-06-05 16:36:42', '2023-06-05 16:36:42', 0, 0, 0),
(51, 1, NULL, '2023-06-05 16:56:59', '2023-06-05 16:56:59', 0, 0, 0),
(52, 1, NULL, '2023-06-05 17:14:42', '2023-06-05 17:14:42', 0, 0, 0),
(53, 1, NULL, '2023-06-05 17:15:07', '2023-06-05 17:15:07', 0, 0, 0),
(54, 1, NULL, '2023-06-05 18:45:59', '2023-06-05 18:45:59', 0, 0, 0),
(55, 1, NULL, '2023-06-06 12:46:39', '2023-06-06 12:46:39', 0, 0, 0),
(56, 1, NULL, '2023-06-06 12:47:04', '2023-06-06 12:47:04', 0, 0, 0),
(57, 1, NULL, '2023-06-06 12:48:06', '2023-06-06 12:48:06', 0, 0, 0),
(58, 1, NULL, '2023-06-06 15:14:25', '2023-06-06 15:14:25', 0, 0, 0),
(59, 1, NULL, '2023-06-06 15:19:22', '2023-06-06 15:19:22', 0, 0, 0),
(60, 1, NULL, '2023-06-06 16:02:35', '2023-06-06 16:02:35', 0, 0, 0),
(61, 1, NULL, '2023-06-06 16:51:09', '2023-06-06 16:51:09', 0, 0, 0),
(62, 1, NULL, '2023-06-06 17:21:47', '2023-06-06 17:21:47', 0, 0, 0),
(63, 1, NULL, '2023-06-06 17:30:10', '2023-06-06 17:30:10', 0, 0, 0),
(64, 1, NULL, '2023-06-07 12:48:23', '2023-06-07 12:48:23', 0, 0, 0),
(65, 1, NULL, '2023-06-07 14:36:03', '2023-06-07 14:36:03', 0, 0, 0),
(66, 1, NULL, '2023-06-07 18:25:42', '2023-06-07 18:25:42', 0, 0, 0),
(67, 1, NULL, '2023-06-08 10:10:23', '2023-06-08 10:10:23', 0, 0, 0),
(68, 1, NULL, '2023-06-08 14:25:24', '2023-06-08 14:25:24', 0, 0, 0),
(69, 1, NULL, '2023-06-08 17:41:07', '2023-06-08 17:41:07', 0, 0, 0),
(70, 1, NULL, '2023-06-08 17:59:33', '2023-06-08 17:59:33', 0, 0, 0),
(71, 1, NULL, '2023-06-08 17:59:57', '2023-06-08 17:59:57', 0, 0, 0),
(72, 1, NULL, '2023-06-08 18:01:47', '2023-06-08 18:01:47', 0, 0, 0),
(73, 1, NULL, '2023-06-08 18:02:05', '2023-06-08 18:02:05', 0, 0, 0),
(74, 1, NULL, '2023-06-08 18:24:00', '2023-06-08 18:24:00', 0, 0, 0),
(75, 1, NULL, '2023-06-09 08:38:26', '2023-06-09 08:38:26', 0, 0, 0),
(76, 1, NULL, '2023-06-09 10:09:52', '2023-06-09 10:09:52', 0, 0, 0),
(77, 1, NULL, '2023-06-09 11:41:27', '2023-06-09 11:41:27', 0, 0, 0),
(78, 1, NULL, '2023-06-09 13:01:14', '2023-06-09 13:01:14', 0, 0, 0),
(79, 1, NULL, '2023-06-09 14:28:00', '2023-06-09 14:28:00', 0, 0, 0),
(80, 1, NULL, '2023-06-09 15:30:44', '2023-06-09 15:30:44', 0, 0, 0),
(81, 1, NULL, '2023-06-09 17:49:36', '2023-06-09 17:49:36', 0, 0, 0),
(82, 1, NULL, '2023-06-09 17:50:08', '2023-06-09 17:50:08', 0, 0, 0),
(83, 1, NULL, '2023-06-10 10:06:02', '2023-06-10 10:06:02', 0, 0, 0),
(84, 1, NULL, '2023-06-10 11:06:11', '2023-06-10 11:06:11', 0, 0, 0),
(85, 1, NULL, '2023-06-10 12:20:13', '2023-06-10 12:20:13', 0, 0, 0),
(86, 1, NULL, '2023-06-10 16:23:24', '2023-06-10 16:23:24', 0, 0, 0),
(87, 1, NULL, '2023-06-10 17:09:52', '2023-06-10 17:09:52', 0, 0, 0),
(88, 1, NULL, '2023-06-10 17:16:27', '2023-06-10 17:16:27', 0, 0, 0),
(89, 1, NULL, '2023-06-11 12:22:54', '2023-06-11 12:22:54', 0, 0, 0),
(90, 1, NULL, '2023-06-11 18:43:56', '2023-06-11 18:43:56', 0, 0, 0),
(91, 1, NULL, '2023-06-11 18:44:34', '2023-06-11 18:44:34', 0, 0, 0),
(92, 1, NULL, '2023-06-12 09:37:42', '2023-06-12 09:37:42', 0, 0, 0),
(93, 1, NULL, '2023-06-12 10:30:46', '2023-06-12 10:30:46', 0, 0, 0),
(94, 1, NULL, '2023-06-12 12:01:47', '2023-06-12 12:01:47', 0, 0, 0),
(95, 1, NULL, '2023-06-12 18:23:32', '2023-06-12 18:23:32', 0, 0, 0),
(96, 1, NULL, '2023-06-13 10:14:12', '2023-06-13 10:14:12', 0, 0, 0),
(97, 1, NULL, '2023-06-13 11:35:50', '2023-06-13 11:35:50', 0, 0, 0),
(98, 1, NULL, '2023-06-13 13:46:22', '2023-06-13 13:46:22', 0, 0, 0),
(99, 1, NULL, '2023-06-13 16:50:50', '2023-06-13 16:50:50', 0, 0, 0),
(100, 1, NULL, '2023-06-13 16:51:37', '2023-06-13 16:51:37', 0, 0, 0),
(101, 1, NULL, '2023-06-13 17:51:10', '2023-06-13 17:51:10', 0, 0, 0),
(102, 1, NULL, '2023-06-14 09:24:28', '2023-06-14 09:24:28', 0, 0, 0),
(103, 1, NULL, '2023-06-14 09:26:34', '2023-06-14 09:26:34', 0, 0, 0),
(104, 1, NULL, '2023-06-14 09:46:36', '2023-06-14 09:46:36', 0, 0, 0),
(105, 1, NULL, '2023-06-14 16:16:42', '2023-06-14 16:16:42', 0, 0, 0),
(106, 1, NULL, '2023-06-15 07:30:35', '2023-06-15 07:30:35', 0, 0, 0),
(107, 1, NULL, '2023-06-15 09:18:16', '2023-06-15 09:18:16', 0, 0, 0),
(108, 1, NULL, '2023-06-15 09:22:44', '2023-06-15 09:22:44', 0, 0, 0),
(109, 1, NULL, '2023-06-15 15:33:03', '2023-06-15 15:33:03', 0, 0, 0),
(110, 1, NULL, '2023-06-15 15:40:36', '2023-06-15 15:40:36', 0, 0, 0),
(111, 1, NULL, '2023-06-15 15:43:57', '2023-06-15 15:43:57', 0, 0, 0),
(112, 1, NULL, '2023-06-15 16:03:57', '2023-06-15 16:03:57', 0, 0, 0),
(113, 1, NULL, '2023-06-16 11:19:54', '2023-06-16 11:19:54', 0, 0, 0),
(114, 1, NULL, '2023-06-16 11:31:14', '2023-06-16 11:31:14', 0, 0, 0),
(115, 1, NULL, '2023-06-16 11:42:22', '2023-06-16 11:42:22', 0, 0, 0),
(116, 1, NULL, '2023-06-16 11:47:14', '2023-06-16 11:47:14', 0, 0, 0),
(117, 1, NULL, '2023-06-16 15:17:47', '2023-06-16 15:17:47', 0, 0, 0),
(118, 1, NULL, '2023-06-16 16:23:48', '2023-06-16 16:23:48', 0, 0, 0),
(119, 1, NULL, '2023-06-16 16:29:20', '2023-06-16 16:29:20', 0, 0, 0),
(120, 1, NULL, '2023-06-16 16:32:52', '2023-06-16 16:32:52', 0, 0, 0),
(121, 1, NULL, '2023-06-16 18:58:22', '2023-06-16 18:58:22', 0, 0, 0),
(122, 1, NULL, '2023-06-17 08:50:24', '2023-06-17 08:50:24', 0, 0, 0),
(123, 1, NULL, '2023-06-17 09:26:10', '2023-06-17 09:26:10', 0, 0, 0),
(124, 1, NULL, '2023-06-17 09:27:27', '2023-06-17 09:27:27', 0, 0, 0),
(125, 1, NULL, '2023-06-17 09:35:41', '2023-06-17 09:35:41', 0, 0, 0),
(126, 1, NULL, '2023-06-17 10:15:14', '2023-06-17 10:15:14', 0, 0, 0),
(127, 1, NULL, '2023-06-17 10:45:22', '2023-06-17 10:45:22', 0, 0, 0),
(128, 1, NULL, '2023-06-17 11:32:15', '2023-06-17 11:32:15', 0, 0, 0),
(129, 1, NULL, '2023-06-17 13:22:22', '2023-06-17 13:22:22', 0, 0, 0),
(130, 1, NULL, '2023-06-17 15:04:21', '2023-06-17 15:04:21', 0, 0, 0),
(131, 1, NULL, '2023-06-17 15:07:33', '2023-06-17 15:07:33', 0, 0, 0),
(132, 1, NULL, '2023-06-17 15:52:08', '2023-06-17 15:52:08', 0, 0, 0),
(133, 1, NULL, '2023-06-17 16:25:12', '2023-06-17 16:25:12', 0, 0, 0),
(134, 1, NULL, '2023-06-17 16:25:52', '2023-06-17 16:25:52', 0, 0, 0),
(135, 1, NULL, '2023-06-17 18:17:41', '2023-06-17 18:17:41', 0, 0, 0),
(136, 1, NULL, '2023-06-17 18:35:32', '2023-06-17 18:35:32', 0, 0, 0),
(137, 1, NULL, '2023-06-17 19:08:29', '2023-06-17 19:08:29', 0, 0, 0),
(138, 1, NULL, '2023-06-18 13:44:37', '2023-06-18 13:44:37', 0, 0, 0),
(139, 1, NULL, '2023-06-18 14:04:34', '2023-06-18 14:04:34', 0, 0, 0),
(140, 1, NULL, '2023-06-18 14:17:56', '2023-06-18 14:17:56', 0, 0, 0),
(141, 1, NULL, '2023-06-19 08:12:05', '2023-06-19 08:12:05', 0, 0, 0),
(142, 1, NULL, '2023-06-19 10:26:13', '2023-06-19 10:26:13', 0, 0, 0),
(143, 1, NULL, '2023-06-19 10:31:50', '2023-06-19 10:31:50', 0, 0, 0),
(144, 1, NULL, '2023-06-19 10:33:43', '2023-06-19 10:33:43', 0, 0, 0),
(145, 1, NULL, '2023-06-19 14:52:52', '2023-06-19 14:52:52', 0, 0, 0),
(146, 1, NULL, '2023-06-19 14:54:40', '2023-06-19 14:54:40', 0, 0, 0),
(147, 1, NULL, '2023-06-19 14:55:30', '2023-06-19 14:55:30', 0, 0, 0),
(148, 1, NULL, '2023-06-19 14:59:41', '2023-06-19 14:59:41', 0, 0, 0),
(149, 1, NULL, '2023-06-19 15:35:01', '2023-06-19 15:35:01', 0, 0, 0),
(150, 1, NULL, '2023-06-19 15:54:35', '2023-06-19 15:54:35', 0, 0, 0),
(151, 1, NULL, '2023-06-19 17:10:15', '2023-06-19 17:10:15', 0, 0, 0),
(152, 1, NULL, '2023-06-20 07:37:45', '2023-06-20 07:37:45', 0, 0, 0),
(153, 1, NULL, '2023-06-20 07:46:30', '2023-06-20 07:46:30', 0, 0, 0),
(154, 1, NULL, '2023-06-21 10:35:49', '2023-06-21 10:35:49', 0, 0, 0),
(155, 1, NULL, '2023-06-21 13:18:24', '2023-06-21 13:18:24', 0, 0, 0),
(156, 1, NULL, '2023-06-21 14:16:48', '2023-06-21 14:16:48', 0, 0, 0),
(157, 1, NULL, '2023-06-21 14:17:41', '2023-06-21 14:17:41', 0, 0, 0),
(158, 1, NULL, '2023-06-21 15:21:41', '2023-06-21 15:21:41', 0, 0, 0),
(159, 1, NULL, '2023-06-21 15:24:20', '2023-06-21 15:24:20', 0, 0, 0),
(160, 1, NULL, '2023-06-21 15:26:05', '2023-06-21 15:26:05', 0, 0, 0),
(161, 1, NULL, '2023-06-21 15:27:20', '2023-06-21 15:27:20', 0, 0, 0),
(162, 1, NULL, '2023-06-21 16:02:51', '2023-06-21 16:02:51', 0, 0, 0),
(163, 1, NULL, '2023-06-21 16:56:43', '2023-06-21 16:56:43', 0, 0, 0),
(164, 1, NULL, '2023-06-22 11:53:39', '2023-06-22 11:53:39', 0, 0, 0),
(165, 1, NULL, '2023-06-22 12:26:27', '2023-06-22 12:26:27', 0, 0, 0),
(166, 1, NULL, '2023-06-22 13:30:38', '2023-06-22 13:30:38', 0, 0, 0),
(167, 1, NULL, '2023-06-22 14:08:47', '2023-06-22 14:08:47', 0, 0, 0),
(168, 1, NULL, '2023-06-22 14:29:07', '2023-06-22 14:29:07', 0, 0, 0),
(169, 1, NULL, '2023-06-22 15:08:38', '2023-06-22 15:08:38', 0, 0, 0),
(170, 1, NULL, '2023-06-22 16:12:17', '2023-06-22 16:12:17', 0, 0, 0),
(171, 1, NULL, '2023-06-22 16:12:33', '2023-06-22 16:12:33', 0, 0, 0),
(172, 1, NULL, '2023-06-22 17:07:37', '2023-06-22 17:07:37', 0, 0, 0),
(173, 1, NULL, '2023-06-23 10:29:32', '2023-06-23 10:29:32', 0, 0, 0),
(174, 1, NULL, '2023-06-23 10:30:03', '2023-06-23 10:30:03', 0, 0, 0),
(175, 1, NULL, '2023-06-23 10:42:46', '2023-06-23 10:42:46', 0, 0, 0),
(176, 1, NULL, '2023-06-23 12:46:10', '2023-06-23 12:46:10', 0, 0, 0),
(177, 1, NULL, '2023-06-23 12:47:29', '2023-06-23 12:47:29', 0, 0, 0),
(178, 1, NULL, '2023-06-23 12:47:54', '2023-06-23 12:47:54', 0, 0, 0),
(179, 1, NULL, '2023-06-23 13:39:30', '2023-06-23 13:39:30', 0, 0, 0),
(180, 1, NULL, '2023-06-23 14:45:16', '2023-06-23 14:45:16', 0, 0, 0),
(181, 1, NULL, '2023-06-23 17:34:22', '2023-06-23 17:34:22', 0, 0, 0),
(182, 1, NULL, '2023-06-24 10:26:35', '2023-06-24 10:26:35', 0, 0, 0),
(183, 1, NULL, '2023-06-24 10:28:04', '2023-06-24 10:28:04', 0, 0, 0),
(184, 1, NULL, '2023-06-24 12:26:38', '2023-06-24 12:26:38', 0, 0, 0),
(185, 1, NULL, '2023-06-24 13:07:17', '2023-06-24 13:07:17', 0, 0, 0),
(186, 1, NULL, '2023-06-24 13:25:24', '2023-06-24 13:25:24', 0, 0, 0),
(187, 1, NULL, '2023-06-24 16:08:38', '2023-06-24 16:08:38', 0, 0, 0),
(188, 1, NULL, '2023-06-24 16:23:40', '2023-06-24 16:23:40', 0, 0, 0),
(189, 1, NULL, '2023-06-24 16:46:14', '2023-06-24 16:46:14', 0, 0, 0),
(190, 1, NULL, '2023-06-24 18:19:15', '2023-06-24 18:19:15', 0, 0, 0),
(191, 1, NULL, '2023-06-24 18:58:43', '2023-06-24 18:58:43', 0, 0, 0),
(192, 1, NULL, '2023-06-25 09:25:58', '2023-06-25 09:25:58', 0, 0, 0),
(193, 1, NULL, '2023-06-25 09:51:03', '2023-06-25 09:51:03', 0, 0, 0),
(194, 1, NULL, '2023-06-25 09:55:10', '2023-06-25 09:55:10', 0, 0, 0),
(195, 1, NULL, '2023-06-25 11:17:35', '2023-06-25 11:17:35', 0, 0, 0),
(196, 1, NULL, '2023-06-25 11:31:15', '2023-06-25 11:31:15', 0, 0, 0),
(197, 1, NULL, '2023-06-25 15:35:39', '2023-06-25 15:35:39', 0, 0, 0),
(198, 1, NULL, '2023-06-25 16:21:45', '2023-06-25 16:21:45', 0, 0, 0),
(199, 1, NULL, '2023-06-25 17:53:18', '2023-06-25 17:53:18', 0, 0, 0),
(200, 1, NULL, '2023-06-25 18:15:59', '2023-06-25 18:15:59', 0, 0, 0),
(201, 1, NULL, '2023-06-25 18:25:51', '2023-06-25 18:25:51', 0, 0, 0),
(202, 1, NULL, '2023-06-26 13:01:09', '2023-06-26 13:01:09', 0, 0, 0),
(203, 1, NULL, '2023-06-26 16:10:43', '2023-06-26 16:10:43', 0, 0, 0),
(204, 1, NULL, '2023-06-27 12:59:19', '2023-06-27 12:59:19', 0, 0, 0),
(205, 1, NULL, '2023-06-27 14:41:18', '2023-06-27 14:41:18', 0, 0, 0),
(206, 1, NULL, '2023-06-27 16:54:32', '2023-06-27 16:54:32', 0, 0, 0),
(207, 1, NULL, '2023-06-27 18:56:01', '2023-06-27 18:56:01', 0, 0, 0),
(208, 1, NULL, '2023-06-27 19:01:09', '2023-06-27 19:01:09', 0, 0, 0),
(209, 1, NULL, '2023-06-27 19:23:24', '2023-06-27 19:23:24', 0, 0, 0),
(210, 1, NULL, '2023-06-27 19:26:01', '2023-06-27 19:26:01', 0, 0, 0),
(211, 1, NULL, '2023-06-30 13:43:11', '2023-06-30 13:43:11', 0, 0, 0),
(212, 1, NULL, '2023-06-30 16:18:21', '2023-06-30 16:18:21', 0, 0, 0),
(213, 1, NULL, '2023-06-30 16:19:10', '2023-06-30 16:19:10', 0, 0, 0),
(214, 1, NULL, '2023-06-30 16:20:48', '2023-06-30 16:20:48', 0, 0, 0),
(215, 1, NULL, '2023-06-30 16:39:28', '2023-06-30 16:39:28', 0, 0, 0),
(216, 1, NULL, '2023-06-30 18:02:42', '2023-06-30 18:02:42', 0, 0, 0),
(217, 1, NULL, '2023-06-30 18:26:30', '2023-06-30 18:26:30', 0, 0, 0),
(218, 1, NULL, '2023-06-30 18:27:15', '2023-06-30 18:27:15', 0, 0, 0),
(219, 1, NULL, '2023-06-30 18:46:43', '2023-06-30 18:46:43', 0, 0, 0),
(220, 1, NULL, '2023-07-01 10:11:29', '2023-07-01 10:11:29', 0, 0, 0),
(221, 1, NULL, '2023-07-01 10:13:48', '2023-07-01 10:13:48', 0, 0, 0),
(222, 1, NULL, '2023-07-01 12:38:39', '2023-07-01 12:38:39', 0, 0, 0),
(223, 1, NULL, '2023-07-01 13:21:20', '2023-07-01 13:21:20', 0, 0, 0),
(224, 1, NULL, '2023-07-01 15:28:20', '2023-07-01 15:28:20', 0, 0, 0),
(225, 1, NULL, '2023-07-01 17:12:27', '2023-07-01 17:12:27', 0, 0, 0),
(226, 1, NULL, '2023-07-01 17:31:59', '2023-07-01 17:31:59', 0, 0, 0),
(227, 1, NULL, '2023-07-02 13:38:38', '2023-07-02 13:38:38', 0, 0, 0),
(228, 1, NULL, '2023-07-02 14:54:35', '2023-07-02 14:54:35', 0, 0, 0),
(229, 1, NULL, '2023-07-03 11:15:43', '2023-07-03 11:15:43', 0, 0, 0),
(230, 1, NULL, '2023-07-03 15:33:15', '2023-07-03 15:33:15', 0, 0, 0),
(231, 1, NULL, '2023-07-03 16:18:37', '2023-07-03 16:18:37', 0, 0, 0),
(232, 1, NULL, '2023-07-03 16:58:13', '2023-07-03 16:58:13', 0, 0, 0),
(233, 1, NULL, '2023-07-03 17:03:52', '2023-07-03 17:03:52', 0, 0, 0),
(234, 1, NULL, '2023-07-03 18:03:34', '2023-07-03 18:03:34', 0, 0, 0),
(235, 1, NULL, '2023-07-05 15:42:51', '2023-07-05 15:42:51', 0, 0, 0),
(236, 1, NULL, '2023-07-05 15:44:20', '2023-07-05 15:44:20', 0, 0, 0),
(237, 1, NULL, '2023-07-05 18:10:43', '2023-07-05 18:10:43', 0, 0, 0),
(238, 1, NULL, '2023-07-06 16:07:44', '2023-07-06 16:07:44', 0, 0, 0),
(239, 1, NULL, '2023-07-06 16:55:07', '2023-07-06 16:55:07', 0, 0, 0),
(240, 1, NULL, '2023-07-06 17:35:41', '2023-07-06 17:35:41', 0, 0, 0),
(241, 1, NULL, '2023-07-06 18:03:49', '2023-07-06 18:03:49', 0, 0, 0),
(242, 1, NULL, '2023-07-06 18:05:37', '2023-07-06 18:05:37', 0, 0, 0),
(245, 1, NULL, '2023-07-07 15:38:54', '2023-07-07 15:38:54', 0, 0, 0),
(250, 1, NULL, '2023-07-07 18:39:26', '2023-07-07 18:39:26', 0, 0, 0),
(251, 1, NULL, '2023-07-07 18:39:48', '2023-07-07 18:39:48', 0, 0, 0),
(252, 1, NULL, '2023-07-07 18:40:08', '2023-07-07 18:40:08', 0, 0, 0),
(253, 1, NULL, '2023-07-07 18:42:02', '2023-07-07 18:42:02', 0, 0, 0),
(254, 1, NULL, '2023-07-07 18:57:33', '2023-07-07 18:57:33', 0, 0, 0),
(255, 1, NULL, '2023-07-08 08:59:44', '2023-07-08 08:59:44', 0, 0, 0),
(256, 1, NULL, '2023-07-08 10:01:48', '2023-07-08 10:01:48', 0, 0, 0),
(257, 1, NULL, '2023-07-08 14:00:12', '2023-07-08 14:00:12', 0, 0, 0),
(258, 1, NULL, '2023-07-08 14:00:36', '2023-07-08 14:00:36', 0, 0, 0),
(259, 1, NULL, '2023-07-08 17:34:55', '2023-07-08 17:34:55', 0, 0, 0),
(260, 1, NULL, '2023-07-08 17:37:24', '2023-07-08 17:37:24', 0, 0, 0),
(261, 1, NULL, '2023-07-08 19:57:15', '2023-07-08 19:57:15', 0, 0, 0),
(262, 1, NULL, '2023-07-09 13:17:16', '2023-07-09 13:17:16', 0, 0, 0),
(263, 1, NULL, '2023-07-09 13:17:59', '2023-07-09 13:17:59', 0, 0, 0),
(264, 1, NULL, '2023-07-09 17:53:49', '2023-07-09 17:53:49', 0, 0, 0),
(265, 1, NULL, '2023-07-09 18:09:16', '2023-07-09 18:09:16', 0, 0, 0),
(266, 1, NULL, '2023-07-09 19:21:21', '2023-07-09 19:21:21', 0, 0, 0),
(267, 1, NULL, '2023-07-10 15:09:09', '2023-07-10 15:09:09', 0, 0, 0),
(268, 1, NULL, '2023-07-10 15:09:29', '2023-07-10 15:09:29', 0, 0, 0),
(269, 1, NULL, '2023-07-10 17:35:59', '2023-07-10 17:35:59', 0, 0, 0),
(270, 1, NULL, '2023-07-10 17:54:53', '2023-07-10 17:54:53', 0, 0, 0),
(271, 1, NULL, '2023-07-10 18:56:33', '2023-07-10 18:56:33', 0, 0, 0),
(272, 1, NULL, '2023-07-12 14:32:23', '2023-07-12 14:32:23', 0, 0, 0),
(273, 1, NULL, '2023-07-12 19:07:10', '2023-07-12 19:07:10', 0, 0, 0),
(274, 1, NULL, '2023-07-13 12:35:06', '2023-07-13 12:35:06', 0, 0, 0),
(275, 1, NULL, '2023-07-13 18:24:43', '2023-07-13 18:24:43', 0, 0, 0),
(276, 1, NULL, '2023-07-14 19:05:24', '2023-07-14 19:05:24', 0, 0, 0),
(277, 1, NULL, '2023-07-15 19:48:09', '2023-07-15 19:48:09', 0, 0, 0),
(278, 1, NULL, '2023-07-16 19:28:53', '2023-07-16 19:28:53', 0, 0, 0),
(279, 1, NULL, '2023-07-17 18:58:45', '2023-07-17 18:58:45', 0, 0, 0),
(280, 1, NULL, '2023-07-19 11:27:22', '2023-07-19 11:27:22', 0, 0, 0),
(281, 1, NULL, '2023-07-19 16:17:38', '2023-07-19 16:17:38', 0, 0, 0),
(282, 1, NULL, '2023-07-19 17:11:59', '2023-07-19 17:11:59', 0, 0, 0),
(283, 1, NULL, '2023-07-19 18:34:08', '2023-07-19 18:34:08', 0, 0, 0),
(284, 1, NULL, '2023-07-20 08:24:25', '2023-07-20 08:24:25', 0, 0, 0),
(285, 1, NULL, '2023-07-20 08:28:43', '2023-07-20 08:28:43', 0, 0, 0),
(286, 1, NULL, '2023-07-20 08:33:07', '2023-07-20 08:33:07', 0, 0, 0),
(287, 1, NULL, '2023-07-20 08:37:19', '2023-07-20 08:37:19', 0, 0, 0),
(288, 1, NULL, '2023-07-20 08:37:57', '2023-07-20 08:37:57', 0, 0, 0),
(289, 1, NULL, '2023-07-20 08:49:52', '2023-07-20 08:49:52', 0, 0, 0),
(290, 1, NULL, '2023-07-20 08:59:01', '2023-07-20 08:59:01', 0, 0, 0),
(291, 1, NULL, '2023-07-20 09:03:25', '2023-07-20 09:03:25', 0, 0, 0),
(292, 1, NULL, '2023-07-20 09:11:35', '2023-07-20 09:11:35', 0, 0, 0),
(293, 1, NULL, '2023-07-20 09:12:29', '2023-07-20 09:12:29', 0, 0, 0),
(294, 1, NULL, '2023-07-20 09:18:43', '2023-07-20 09:18:43', 0, 0, 0),
(295, 1, NULL, '2023-07-20 09:22:06', '2023-07-20 09:22:06', 0, 0, 0),
(296, 1, NULL, '2023-07-20 11:03:32', '2023-07-20 11:03:32', 0, 0, 0),
(297, 1, NULL, '2023-07-20 11:16:27', '2023-07-20 11:16:27', 0, 0, 0),
(298, 1, NULL, '2023-07-20 11:22:07', '2023-07-20 11:22:07', 0, 0, 0),
(299, 1, NULL, '2023-07-20 11:36:18', '2023-07-20 11:36:18', 0, 0, 0),
(300, 1, NULL, '2023-07-20 11:38:10', '2023-07-20 11:38:10', 0, 0, 0),
(301, 1, NULL, '2023-07-20 11:41:56', '2023-07-20 11:41:56', 0, 0, 0),
(302, 1, NULL, '2023-07-20 11:43:36', '2023-07-20 11:43:36', 0, 0, 0),
(303, 1, NULL, '2023-07-20 11:45:46', '2023-07-20 11:45:46', 0, 0, 0),
(304, 1, NULL, '2023-07-20 11:50:34', '2023-07-20 11:50:34', 0, 0, 0),
(305, 1, NULL, '2023-07-20 12:56:17', '2023-07-20 12:56:17', 0, 0, 0),
(306, 1, NULL, '2023-07-20 16:01:25', '2023-07-20 16:01:25', 0, 0, 0),
(307, 1, NULL, '2023-07-20 16:33:05', '2023-07-20 16:33:05', 0, 0, 0),
(308, 1, NULL, '2023-07-20 16:46:29', '2023-07-20 16:46:29', 0, 0, 0),
(309, 1, NULL, '2023-07-20 16:47:38', '2023-07-20 16:47:38', 0, 0, 0),
(310, 1, NULL, '2023-07-20 16:49:56', '2023-07-20 16:49:56', 0, 0, 0),
(311, 1, NULL, '2023-07-20 17:17:15', '2023-07-20 17:17:15', 0, 0, 0),
(312, 1, NULL, '2023-07-20 17:35:25', '2023-07-20 17:35:25', 0, 0, 0),
(313, 1, NULL, '2023-07-20 17:40:35', '2023-07-20 17:40:35', 0, 0, 0),
(314, 1, NULL, '2023-07-20 18:29:58', '2023-07-20 18:29:58', 0, 0, 0),
(315, 1, NULL, '2023-07-20 18:44:11', '2023-07-20 18:44:11', 0, 0, 0),
(316, 1, NULL, '2023-07-21 16:09:43', '2023-07-21 16:09:43', 0, 0, 0),
(317, 1, NULL, '2023-07-21 18:19:07', '2023-07-21 18:19:07', 0, 0, 0),
(318, 1, NULL, '2023-07-22 11:11:15', '2023-07-22 11:11:15', 0, 0, 0),
(319, 1, NULL, '2023-07-22 11:22:30', '2023-07-22 11:22:30', 0, 0, 0),
(320, 1, NULL, '2023-07-22 11:24:31', '2023-07-22 11:24:31', 0, 0, 0),
(321, 1, NULL, '2023-07-22 13:26:17', '2023-07-22 13:26:17', 0, 0, 0),
(322, 1, NULL, '2023-07-22 19:11:52', '2023-07-22 19:11:52', 0, 0, 0),
(323, 1, NULL, '2023-07-22 19:33:04', '2023-07-22 19:33:04', 0, 0, 0),
(324, 1, NULL, '2023-07-23 15:12:14', '2023-07-23 15:12:14', 0, 0, 0),
(325, 1, NULL, '2023-07-23 18:50:20', '2023-07-23 18:50:20', 0, 0, 0),
(326, 1, NULL, '2023-07-24 19:02:26', '2023-07-24 19:02:26', 0, 0, 0),
(327, 1, NULL, '2023-07-26 13:55:05', '2023-07-26 13:55:05', 0, 0, 0),
(328, 1, NULL, '2023-07-26 13:58:22', '2023-07-26 13:58:22', 0, 0, 0),
(329, 1, NULL, '2023-07-26 18:50:09', '2023-07-26 18:50:09', 0, 0, 0),
(330, 1, NULL, '2023-07-26 19:27:35', '2023-07-26 19:27:35', 0, 0, 0),
(331, 1, NULL, '2023-07-27 15:50:35', '2023-07-27 15:50:35', 0, 0, 0),
(332, 1, NULL, '2023-07-27 16:47:55', '2023-07-27 16:47:55', 0, 0, 0),
(333, 1, NULL, '2023-07-27 17:25:22', '2023-07-27 17:25:22', 0, 0, 0),
(334, 1, NULL, '2023-07-27 17:25:49', '2023-07-27 17:25:49', 0, 0, 0),
(335, 1, NULL, '2023-07-27 19:07:59', '2023-07-27 19:07:59', 0, 0, 0),
(336, 1, NULL, '2023-07-28 18:54:24', '2023-07-28 18:54:24', 0, 0, 0),
(337, 1, NULL, '2023-07-29 09:34:20', '2023-07-29 09:34:20', 0, 0, 0),
(338, 1, NULL, '2023-07-29 19:57:26', '2023-07-29 19:57:26', 0, 0, 0),
(339, 1, NULL, '2023-07-30 20:18:08', '2023-07-30 20:18:08', 0, 0, 0),
(340, 1, NULL, '2023-07-31 13:02:16', '2023-07-31 13:02:16', 0, 0, 0),
(341, 1, NULL, '2023-07-31 13:18:44', '2023-07-31 13:18:44', 0, 0, 0),
(342, 1, NULL, '2023-07-31 15:02:38', '2023-07-31 15:02:38', 0, 0, 0),
(343, 1, NULL, '2023-07-31 15:06:29', '2023-07-31 15:06:29', 0, 0, 0),
(344, 1, NULL, '2023-07-31 16:20:07', '2023-07-31 16:20:07', 0, 0, 0),
(345, 1, NULL, '2023-08-02 12:48:29', '2023-08-02 12:48:29', 0, 0, 0),
(346, 1, NULL, '2023-08-02 13:16:28', '2023-08-02 13:16:28', 0, 0, 0),
(347, 1, NULL, '2023-08-02 15:56:03', '2023-08-02 15:56:03', 0, 0, 0),
(348, 1, NULL, '2023-08-02 18:08:34', '2023-08-02 18:08:34', 0, 0, 0),
(349, 1, NULL, '2023-08-02 18:10:18', '2023-08-02 18:10:18', 0, 0, 0),
(350, 1, NULL, '2023-08-02 19:15:02', '2023-08-02 19:15:02', 0, 0, 0),
(351, 1, NULL, '2023-08-03 12:27:22', '2023-08-03 12:27:22', 0, 0, 0),
(352, 1, NULL, '2023-08-03 13:23:12', '2023-08-03 13:23:12', 0, 0, 0),
(353, 1, NULL, '2023-08-03 13:27:54', '2023-08-03 13:27:54', 0, 0, 0),
(354, 1, NULL, '2023-08-03 13:37:14', '2023-08-03 13:37:14', 0, 0, 0),
(355, 1, NULL, '2023-08-03 14:12:04', '2023-08-03 14:12:04', 0, 0, 0),
(356, 1, NULL, '2023-08-03 14:39:21', '2023-08-03 14:39:21', 0, 0, 0),
(357, 1, NULL, '2023-08-03 19:06:54', '2023-08-03 19:06:54', 0, 0, 0),
(358, 1, NULL, '2023-08-03 19:07:55', '2023-08-03 19:07:55', 0, 0, 0),
(359, 1, NULL, '2023-08-03 19:08:35', '2023-08-03 19:08:35', 0, 0, 0),
(360, 1, NULL, '2023-08-03 19:23:05', '2023-08-03 19:23:05', 0, 0, 0),
(361, 1, NULL, '2023-08-03 19:23:49', '2023-08-03 19:23:49', 0, 0, 0),
(362, 1, NULL, '2023-08-07 11:54:06', '2023-08-07 11:54:06', 0, 0, 0),
(363, 1, NULL, '2023-08-07 13:54:11', '2023-08-07 13:54:11', 0, 0, 0),
(364, 1, NULL, '2023-08-07 14:11:02', '2023-08-07 14:11:02', 0, 0, 0),
(365, 1, NULL, '2023-08-07 17:03:51', '2023-08-07 17:03:51', 0, 0, 0),
(366, 1, NULL, '2023-08-07 18:59:48', '2023-08-07 18:59:48', 0, 0, 0),
(367, 1, NULL, '2023-08-09 13:18:42', '2023-08-09 13:18:42', 0, 0, 0),
(368, 1, NULL, '2023-08-09 17:20:42', '2023-08-09 17:20:42', 0, 0, 0),
(369, 1, NULL, '2023-08-09 18:57:36', '2023-08-09 18:57:36', 0, 0, 0),
(370, 1, NULL, '2023-08-10 18:44:20', '2023-08-10 18:44:20', 0, 0, 0),
(371, 1, NULL, '2023-08-10 18:47:01', '2023-08-10 18:47:01', 0, 0, 0),
(372, 1, NULL, '2023-08-11 18:16:16', '2023-08-11 18:16:16', 0, 0, 0),
(373, 1, NULL, '2023-08-11 18:26:54', '2023-08-11 18:26:54', 0, 0, 0),
(374, 1, NULL, '2023-08-12 17:22:13', '2023-08-12 17:22:13', 0, 0, 0),
(375, 1, NULL, '2023-08-12 19:25:48', '2023-08-12 19:25:48', 0, 0, 0),
(376, 1, NULL, '2023-08-12 19:26:50', '2023-08-12 19:26:50', 0, 0, 0),
(377, 1, NULL, '2023-08-12 19:47:52', '2023-08-12 19:47:52', 0, 0, 0),
(378, 1, NULL, '2023-08-13 17:44:30', '2023-08-13 17:44:30', 0, 0, 0),
(379, 1, NULL, '2023-08-14 18:57:07', '2023-08-14 18:57:07', 0, 0, 0),
(380, 1, NULL, '2023-08-16 13:54:14', '2023-08-16 13:54:14', 0, 0, 0),
(381, 1, NULL, '2023-08-16 18:26:47', '2023-08-16 18:26:47', 0, 0, 0),
(382, 1, NULL, '2023-08-16 18:50:43', '2023-08-16 18:50:43', 0, 0, 0),
(383, 1, NULL, '2023-08-17 17:45:13', '2023-08-17 17:45:13', 0, 0, 0),
(384, 1, NULL, '2023-08-17 18:20:59', '2023-08-17 18:20:59', 0, 0, 0),
(385, 1, NULL, '2023-08-20 13:14:25', '2023-08-20 13:14:25', 0, 0, 0),
(386, 1, NULL, '2023-08-20 13:30:03', '2023-08-20 13:30:03', 0, 0, 0),
(387, 1, NULL, '2023-08-20 15:08:32', '2023-08-20 15:08:32', 0, 0, 0),
(388, 1, NULL, '2023-08-20 18:03:43', '2023-08-20 18:03:43', 0, 0, 0),
(389, 1, NULL, '2023-08-28 13:42:02', '2023-08-28 13:42:02', 0, 0, 0),
(390, 1, NULL, '2023-08-28 13:42:53', '2023-08-28 13:42:53', 0, 0, 0),
(391, 1, NULL, '2023-08-28 18:29:45', '2023-08-28 18:29:45', 0, 0, 0),
(392, 1, 2, '2024-11-24 12:01:16', '2024-11-24 12:01:16', 0, 0, 0),
(393, 1, 2, '2024-11-24 12:01:39', '2024-11-24 12:01:39', 0, 0, 0),
(394, 1, 1, '2024-12-08 10:10:19', '2024-12-08 10:10:19', 400, 200, 200),
(395, 1, 2, '2024-12-08 10:13:09', '2024-12-08 10:13:09', 400, 400, 0),
(405, 1, NULL, '2024-12-08 15:01:31', '2024-12-08 15:01:31', 60000, 1000, 59000),
(406, 1, 3, '2024-12-08 15:02:23', '2024-12-08 15:02:23', 1000, 15000, 0);

-- --------------------------------------------------------

--
-- Structure de la table `failed_jobs`
--

CREATE TABLE `failed_jobs` (
  `id` bigint(20) UNSIGNED NOT NULL,
  `connection` text COLLATE utf8mb4_unicode_ci NOT NULL,
  `queue` text COLLATE utf8mb4_unicode_ci NOT NULL,
  `payload` longtext COLLATE utf8mb4_unicode_ci NOT NULL,
  `exception` longtext COLLATE utf8mb4_unicode_ci NOT NULL,
  `failed_at` timestamp NOT NULL DEFAULT current_timestamp()
) ENGINE=InnoDB DEFAULT CHARSET=utf8mb4 COLLATE=utf8mb4_unicode_ci;

-- --------------------------------------------------------

--
-- Structure de la table `fournisseurs`
--

CREATE TABLE `fournisseurs` (
  `id` bigint(20) UNSIGNED NOT NULL,
  `nomf` varchar(255) COLLATE utf8mb4_unicode_ci NOT NULL,
  `telf` varchar(255) COLLATE utf8mb4_unicode_ci DEFAULT NULL,
  `created_at` timestamp NULL DEFAULT NULL,
  `updated_at` timestamp NULL DEFAULT NULL
) ENGINE=InnoDB DEFAULT CHARSET=utf8mb4 COLLATE=utf8mb4_unicode_ci;

--
-- Déchargement des données de la table `fournisseurs`
--

INSERT INTO `fournisseurs` (`id`, `nomf`, `telf`, `created_at`, `updated_at`) VALUES
(1, 'test', '770000000', '2023-05-29 12:16:59', '2023-05-29 12:16:59'),
(2, 'SOULEYMAN', '777557364', '2023-06-02 08:35:14', '2023-06-02 08:35:14'),
(3, 'fzezer', '7745874524', '2024-11-24 12:28:39', '2024-11-24 12:28:39');

-- --------------------------------------------------------

--
-- Structure de la table `migrations`
--

CREATE TABLE `migrations` (
  `id` int(10) UNSIGNED NOT NULL,
  `migration` varchar(255) COLLATE utf8mb4_unicode_ci NOT NULL,
  `batch` int(11) NOT NULL
) ENGINE=InnoDB DEFAULT CHARSET=utf8mb4 COLLATE=utf8mb4_unicode_ci;

--
-- Déchargement des données de la table `migrations`
--

INSERT INTO `migrations` (`id`, `migration`, `batch`) VALUES
(1, '2014_10_12_000000_create_users_table', 1),
(2, '2014_10_12_100000_create_password_resets_table', 1),
(3, '2019_08_19_000000_create_failed_jobs_table', 1),
(4, '2022_05_29_144215_create_fournisseurs_table', 1),
(5, '2022_05_29_144513_create_produits_table', 1),
(6, '2022_05_29_144612_create_depots_table', 1),
(7, '2022_05_29_144716_create_depot_produits_table', 1),
(9, '2022_05_29_144805_create_clients_table', 1),
(12, '2022_06_13_093634_update_table_users_add_column_role', 3),
(13, '2022_06_13_214112_update_table_entree_add_column_facture', 4),
(14, '2022_06_13_214220_update_table_sorties_add_column_facture', 4),
(16, '2022_06_16_203930_create_transferts_table', 6),
(17, '2022_06_21_214519_create_chahffeurs_table', 7),
(18, '2022_06_22_100830_create_table_add_column_chauffeur_', 8),
(19, '2022_06_23_230819_update_table_sorties_add_column_chauffeur_id', 9),
(20, '2022_06_23_230903_update_table_entree_add_column_chauffeur_id', 9),
(22, '2022_05_29_144825_create_sorties_table', 11),
(23, '2022_06_14_110835_create_retours_table', 11),
(29, '2022_06_30_200652_create_factures_table', 13),
(32, '2022_07_01_154022_create_table_facturees', 14),
(33, '2022_05_29_144746_create_entrees_table', 15),
(34, '2022_07_01_162729_update_table_add_column_in_entrees', 15),
(35, '2022_07_01_215852_update_table_transferts_add_colum', 16),
(36, '2022_06_30_214727_update_table_add_column_in_sorties', 15),
(37, '2022_07_01_154022_create_table_facturees', 15),
(38, '2022_07_01_162729_update_table_add_column_in_entrees', 15),
(39, '2022_12_04_133452_create_categories_table', 17),
(40, '2022_12_06_145339_update_table_produit_add_column_categorie_id', 18),
(41, '2019_12_14_000001_create_personal_access_tokens_table', 19),
(42, '2024_12_08_093539_add_column_to_factures_column', 20);

-- --------------------------------------------------------

--
-- Structure de la table `password_resets`
--

CREATE TABLE `password_resets` (
  `email` varchar(255) COLLATE utf8mb4_unicode_ci NOT NULL,
  `token` varchar(255) COLLATE utf8mb4_unicode_ci NOT NULL,
  `created_at` timestamp NULL DEFAULT NULL
) ENGINE=InnoDB DEFAULT CHARSET=utf8mb4 COLLATE=utf8mb4_unicode_ci;

-- --------------------------------------------------------

--
-- Structure de la table `personal_access_tokens`
--

CREATE TABLE `personal_access_tokens` (
  `id` bigint(20) UNSIGNED NOT NULL,
  `tokenable_type` varchar(255) COLLATE utf8mb4_unicode_ci NOT NULL,
  `tokenable_id` bigint(20) UNSIGNED NOT NULL,
  `name` varchar(255) COLLATE utf8mb4_unicode_ci NOT NULL,
  `token` varchar(64) COLLATE utf8mb4_unicode_ci NOT NULL,
  `abilities` text COLLATE utf8mb4_unicode_ci DEFAULT NULL,
  `last_used_at` timestamp NULL DEFAULT NULL,
  `expires_at` timestamp NULL DEFAULT NULL,
  `created_at` timestamp NULL DEFAULT NULL,
  `updated_at` timestamp NULL DEFAULT NULL
) ENGINE=InnoDB DEFAULT CHARSET=utf8mb4 COLLATE=utf8mb4_unicode_ci;

-- --------------------------------------------------------

--
-- Structure de la table `produits`
--

CREATE TABLE `produits` (
  `id` bigint(20) UNSIGNED NOT NULL,
  `nomp` varchar(255) COLLATE utf8mb4_unicode_ci NOT NULL,
  `prixu` double NOT NULL,
  `unite` varchar(255) COLLATE utf8mb4_unicode_ci NOT NULL,
  `created_at` timestamp NULL DEFAULT NULL,
  `updated_at` timestamp NULL DEFAULT NULL,
  `categorie_id` bigint(20) UNSIGNED DEFAULT NULL
) ENGINE=InnoDB DEFAULT CHARSET=utf8mb4 COLLATE=utf8mb4_unicode_ci;

--
-- Déchargement des données de la table `produits`
--

INSERT INTO `produits` (`id`, `nomp`, `prixu`, `unite`, `created_at`, `updated_at`, `categorie_id`) VALUES
(4, 'Kit EZ innokin', 55000, '1', '2023-05-31 07:40:33', '2023-05-31 07:40:33', 4),
(5, 'Wenax sc', 35000, '2', '2023-05-31 07:41:37', '2023-05-31 07:41:37', 6),
(6, 'KROMAR 125W', 110000, '2', '2023-05-31 07:43:04', '2023-05-31 07:43:04', 4),
(7, 'Gtx one kit', 65000, '1', '2023-05-31 07:44:26', '2023-05-31 07:44:26', 4),
(8, 'Drags pro', 65000, '1', '2023-05-31 07:45:10', '2023-05-31 07:45:10', 6),
(9, 'Gen 80', 65000, '1', '2023-05-31 07:45:54', '2023-05-31 07:45:54', 6),
(10, 'Gen 60', 55000, '4', '2023-05-31 07:46:24', '2023-05-31 07:46:24', 6),
(11, 'Feelin x', 50000, '4', '2023-05-31 07:47:01', '2023-05-31 07:47:01', 6),
(12, 'Feelin pod 22w', 35000, '4', '2023-05-31 07:47:49', '2023-05-31 08:29:42', 6),
(13, 'Pockex kit aspire', 30000, '2', '2023-05-31 07:49:23', '2023-05-31 07:49:23', 4),
(14, 'Endura apex', 45000, '1', '2023-05-31 07:50:11', '2023-05-31 07:50:11', 4),
(15, 'Geekvape T200kit', 150000, '2', '2023-05-31 07:52:29', '2023-05-31 07:52:29', 16),
(16, 'Istick i40', 56000, '2', '2023-05-31 07:55:00', '2023-05-31 07:55:00', 4),
(17, 'Istick i80', 75000, '1', '2023-05-31 07:55:40', '2023-05-31 07:55:40', 4),
(18, 'Geek vape s100', 55000, '1', '2023-05-31 08:00:49', '2023-05-31 08:00:49', 4),
(19, 'Gen 200 batterie', 80000, '1', '2023-05-31 08:03:23', '2023-05-31 08:03:23', 5),
(20, 'Riva 200', 80000, '1', '2023-05-31 08:03:55', '2023-05-31 08:03:55', 5),
(21, 'Geek vape max 100 batterie', 80000, '4', '2023-05-31 08:06:52', '2023-05-31 08:06:52', 5),
(22, 'L 200 geek vape', 100000, '1', '2023-05-31 08:09:25', '2023-05-31 08:09:25', 5),
(23, 'Argus mt mod batterie', 60000, '1', '2023-05-31 08:10:04', '2023-05-31 08:10:04', 5),
(24, 'Alfa bop', 32000, '2', '2023-05-31 08:17:27', '2023-05-31 08:17:27', 6),
(25, 'Ato gs air 4', 25000, '1', '2023-05-31 08:18:01', '2023-05-31 08:18:01', 7),
(26, 'Ato Melo 4', 20000, '1', '2023-05-31 08:18:44', '2023-05-31 08:18:44', 7),
(27, 'Ato Melo c tank', 20000, '2', '2023-05-31 08:21:51', '2023-05-31 08:21:51', 7),
(28, 'BATTERIE EGO', 0, 'piecce', '2023-05-31 09:15:23', '2023-05-31 09:15:23', 5),
(29, 'ATO Q16', 0, 'piecce', '2023-05-31 09:18:00', '2023-05-31 09:18:00', 7),
(30, 'ATO ZLIDE', 0, 'piecce', '2023-05-31 09:18:49', '2023-05-31 09:18:49', 7),
(31, 'ATO ITANK', 0, 'piecce', '2023-05-31 09:19:33', '2023-05-31 09:19:33', 7),
(32, 'ATO NAUTILUS 3 TANK', 0, 'piecce', '2023-05-31 09:20:40', '2023-05-31 09:20:40', 7),
(33, 'Q 14', 0, 'piecce', '2023-05-31 09:21:20', '2023-05-31 09:21:20', 7),
(34, 'ATO GOZ', 0, 'piecce', '2023-05-31 09:23:10', '2023-05-31 09:23:10', 7),
(35, 'GEEK VAPE H45', 0, 'piecce', '2023-05-31 09:24:44', '2023-05-31 09:24:44', 6),
(36, 'FLESUS', 0, 'piecce', '2023-05-31 09:25:09', '2023-05-31 09:25:09', 6),
(37, 'BATTERIE ELF BAR', 0, 'piecce', '2023-05-31 09:34:36', '2023-05-31 09:34:36', 5),
(38, 'PUFF MYRTYLLE 10MG', 0, 'piecce', '2023-05-31 09:36:06', '2023-05-31 09:36:06', 17),
(39, 'PUFF MOZAMBIQUE 10MG', 0, 'piecce', '2023-05-31 09:39:18', '2023-05-31 09:39:18', 17),
(40, 'FRAISE GLACE 10MG', 0, 'piecce', '2023-05-31 09:40:57', '2023-05-31 09:40:57', 17),
(41, 'PUFF PASTEQUE 20MG', 0, 'piecce', '2023-05-31 09:42:17', '2023-05-31 09:42:17', 17),
(42, 'COLA', 0, 'piecce', '2023-05-31 09:43:06', '2023-05-31 09:43:06', 17),
(43, 'PUFF FRAISE KIWI 20MG', 0, 'piecce', '2023-05-31 09:43:56', '2023-05-31 09:43:56', 17),
(44, 'PUFF RAISIN 20MG', 0, 'piecce', '2023-05-31 09:47:10', '2023-05-31 09:47:10', 17),
(45, 'PUFF PASSION GOYAVE 20MG', 0, 'piecce', '2023-05-31 09:53:31', '2023-05-31 10:01:07', 17),
(46, 'MYRTILLE FRAMBOISE ACCIDULEE 0MG', 0, 'piecce', '2023-05-31 09:55:11', '2023-05-31 09:55:11', 17),
(47, 'ANANAS MANGUE PECHE OMG', 0, 'piecce', '2023-05-31 09:56:09', '2023-05-31 10:03:13', 17),
(48, 'PUFF FRAISE RAISIN 0MG', 0, 'piecce', '2023-05-31 09:58:01', '2023-05-31 10:01:52', 17),
(49, 'PUFF PASTEQUE 0MG', 0, 'piecce', '2023-05-31 09:59:14', '2023-05-31 09:59:14', 17),
(50, 'PUFF MENTHE FRAICHE', 0, 'piecce', '2023-05-31 10:07:38', '2023-05-31 10:07:38', 17),
(51, 'PULP MOSAMBIQUE 0MG', 0, 'piecce', '2023-05-31 10:19:43', '2023-05-31 10:19:43', 18),
(52, 'MOZAMBIQUE 3MG', 0, 'piecce', '2023-05-31 10:20:39', '2023-05-31 10:20:39', 18),
(53, 'MOZAMBIQUE 6MG', 0, 'piecce', '2023-05-31 10:23:50', '2023-05-31 10:23:50', 18),
(54, 'MOZAMBIQUE 12MG', 0, 'piecce', '2023-05-31 10:24:32', '2023-05-31 10:24:32', 18),
(55, 'MOZAMBIQUE 18MG', 0, 'piecce', '2023-05-31 10:25:01', '2023-05-31 10:25:01', 18),
(56, 'TENNESSEE 0MG', 0, 'piecce', '2023-05-31 10:25:39', '2023-05-31 10:25:39', 18),
(57, 'TENNESSEE 3MG', 0, 'piecce', '2023-05-31 10:26:14', '2023-05-31 10:26:14', 18),
(58, 'TENNESSEE 6MG', 0, 'piecce', '2023-05-31 10:26:43', '2023-05-31 10:26:43', 18),
(59, 'TENNESSEE 12MG', 0, 'piecce', '2023-05-31 10:27:19', '2023-05-31 10:27:19', 18),
(60, 'TENNESSEE 18MG', 0, 'piecce', '2023-05-31 10:27:49', '2023-05-31 10:27:49', 18),
(61, 'ALABAMA 0MG', 0, 'piecce', '2023-05-31 10:28:33', '2023-05-31 10:28:33', 18),
(62, 'ALABAMA 3MG', 0, 'piecce', '2023-05-31 10:29:07', '2023-05-31 10:29:07', 18),
(63, 'ALABAMA 6MG', 0, 'piecce', '2023-05-31 10:32:36', '2023-05-31 10:32:36', 18),
(64, 'ALABAMA 12MG', 0, 'piecce', '2023-05-31 10:33:48', '2023-05-31 10:33:48', 18),
(65, 'ALABAMA 18MG', 0, 'piecce', '2023-05-31 10:34:20', '2023-05-31 10:34:20', 18),
(66, 'TOREFIE 0MG', 0, 'piecce', '2023-05-31 10:35:21', '2023-05-31 10:35:21', 18),
(67, 'TOREFIE 3MG', 0, 'piecce', '2023-05-31 10:36:05', '2023-05-31 10:36:05', 18),
(68, 'TOREFIE 6MG', 0, 'piecce', '2023-05-31 10:37:07', '2023-05-31 10:37:07', 18),
(69, 'TOREFIE 12MG', 0, 'piecce', '2023-05-31 10:38:09', '2023-05-31 10:38:09', 18),
(70, 'TOREFIE 18MG', 0, 'piecce', '2023-05-31 10:39:52', '2023-05-31 10:39:52', 18),
(71, 'CAFE ST AMOUR 0MG', 0, 'piecce', '2023-05-31 10:40:46', '2023-05-31 10:40:46', 18),
(72, 'CAFE ST AMOUR 3MG', 0, 'piecce', '2023-05-31 10:41:19', '2023-05-31 10:41:19', 18),
(73, 'CAFE ST AMOUR 6MG', 0, 'piecce', '2023-05-31 10:41:56', '2023-05-31 10:41:56', 18),
(74, 'CAFE ST AMOUR 12MG', 0, 'piecce', '2023-05-31 10:42:32', '2023-05-31 10:42:32', 18),
(75, 'CAFE ST AMOUR 18MG', 0, 'piecce', '2023-05-31 10:43:10', '2023-05-31 10:43:10', 18),
(76, 'MENTHE POLAIRE 0MG', 0, 'piecce', '2023-05-31 10:58:59', '2023-05-31 10:58:59', 18),
(77, 'MENTHE POLAIRE 3MG', 0, 'piecce', '2023-05-31 10:59:29', '2023-05-31 10:59:29', 18),
(78, 'MENTHE POLAIRE 6MG', 0, 'piecce', '2023-05-31 11:00:10', '2023-05-31 11:00:10', 18),
(79, 'MENTHE POLAIRE 12MG', 0, 'piecce', '2023-05-31 11:00:45', '2023-05-31 11:00:45', 18),
(80, 'MENTHE POLAIRE 18MG', 0, 'piece', '2023-05-31 11:01:47', '2023-05-31 11:01:47', 18),
(81, 'TOREFIE 9MG', 0, 'piece', '2023-05-31 11:15:11', '2023-05-31 11:15:11', 18),
(82, 'CAFE ST AMOUR 9MG', 0, 'piece', '2023-05-31 11:40:19', '2023-05-31 11:40:19', 18),
(83, 'ANANAS MAUI 6MG', 0, 'piece', '2023-05-31 11:43:30', '2023-05-31 11:43:30', 18),
(84, 'ANANAS COCO 6MG', 0, 'piecE', '2023-05-31 11:44:40', '2023-05-31 11:44:40', 18),
(85, 'FRAISE SAUVAGE 0MG', 0, 'piece', '2023-05-31 11:49:14', '2023-05-31 11:49:14', 18),
(86, 'FRAISE SAUVAGE 3MG', 0, 'piece', '2023-05-31 11:50:00', '2023-05-31 11:50:00', 18),
(87, 'FRAISE  SAUVAGE 6', 0, 'piece', '2023-05-31 11:51:02', '2023-05-31 11:51:02', 18),
(88, 'CHRISMAST 0MG', 0, 'piece', '2023-05-31 11:52:45', '2023-05-31 11:52:45', 18),
(89, 'MIRTILLE  GIVRE 0MG', 0, 'piece', '2023-05-31 11:55:49', '2023-05-31 11:55:49', 18),
(90, 'MYRTILLE GIVREE 6MG', 0, 'piece', '2023-05-31 11:57:52', '2023-05-31 11:57:52', 18),
(91, 'MYRTILLE GIVREE 3MG', 0, 'piece', '2023-05-31 12:09:56', '2023-05-31 12:09:56', 18),
(92, 'MYRTILLE GIVREE 12MG', 0, 'piece', '2023-05-31 12:11:11', '2023-05-31 12:11:11', 18),
(93, 'MYRTILLE GIVREE 18MG', 0, 'piece', '2023-05-31 12:13:19', '2023-05-31 12:13:19', 18),
(94, 'BOSTHON MENTHOL 12MPG', 0, 'piece', '2023-05-31 12:20:46', '2023-05-31 12:20:46', 18),
(95, 'BOSTHON MENTHOL 18GM', 0, 'piece', '2023-05-31 12:21:41', '2023-05-31 12:21:41', 18),
(96, 'CITRON FIZZ 3MG', 0, 'piece', '2023-05-31 12:23:46', '2023-05-31 12:23:46', 18),
(97, 'PEAU DE PECHE 6MG', 0, 'piece', '2023-05-31 12:24:44', '2023-05-31 12:24:44', 18),
(98, 'PEAU DE PECHE 12MG', 0, 'piece', '2023-05-31 12:25:25', '2023-05-31 12:25:25', 18),
(99, 'POMME VERTE ROUGE 0MG', 0, 'piece', '2023-05-31 12:27:34', '2023-05-31 12:27:34', 18),
(100, 'POMME VERTE ROUGE 3MG', 0, 'piece', '2023-05-31 12:28:45', '2023-05-31 12:28:45', 18),
(101, 'POMME VERTE ROUGE 6MG', 0, 'piece', '2023-05-31 12:29:27', '2023-05-31 12:29:27', 18),
(102, 'FRUIT DU DRAGON 6MG', 0, 'piece', '2023-05-31 12:32:12', '2023-05-31 12:32:12', 18),
(103, 'CASSIS EXQUIS 0MG', 0, 'piece', '2023-05-31 12:34:03', '2023-05-31 12:34:03', 18),
(104, 'FRAMBOISE POURPRE 0MG', 0, 'piece', '2023-05-31 12:36:15', '2023-05-31 12:36:15', 18),
(105, 'STRAWBERRY GOURMAND 0MG', 0, 'piece', '2023-05-31 12:37:07', '2023-05-31 12:37:07', 18),
(106, 'nautilus 3S', 0, 'piece', '2023-05-31 12:40:45', '2023-05-31 12:40:45', 18),
(107, 'COLA GLACE 3MG', 0, 'piece', '2023-05-31 13:25:50', '2023-05-31 13:25:50', 18),
(108, 'COLA GLA6E  6MG', 0, 'PIECE', '2023-05-31 13:26:48', '2023-05-31 13:26:48', 18),
(109, 'BATTERIE JUST FOG', 0, 'piece', '2023-05-31 13:32:36', '2023-05-31 13:36:24', 5),
(110, 'pasteque kiwi 0MG', 0, 'piece', '2023-06-01 07:19:49', '2023-06-01 07:19:49', 11),
(111, 'Pasteque kiwi 0MG', 0, 'piece', '2023-06-01 07:21:00', '2023-06-01 07:21:00', 11),
(112, 'Pasteque kiwi 3 MG', 0, 'piece', '2023-06-01 07:21:32', '2023-06-01 07:21:32', 11),
(113, 'Pasteque kiwi 6 MG', 0, 'piece', '2023-06-01 07:22:05', '2023-06-01 07:22:05', 11),
(114, 'Pasteque kiwi 10 MG', 0, 'piece', '2023-06-01 07:22:32', '2023-06-01 07:22:32', 11),
(115, 'Ice dragon 0 mg', 0, 'piece', '2023-06-01 07:23:40', '2023-06-01 07:23:40', 11),
(116, 'Ice dragon 3 mg', 0, 'piece', '2023-06-01 07:24:34', '2023-06-01 07:24:34', 11),
(117, 'Ice dragon 6 mg', 0, 'piece', '2023-06-01 07:25:09', '2023-06-01 07:25:09', 11),
(118, 'Ice dragon 10 mg', 0, 'piece', '2023-06-01 07:25:40', '2023-06-01 07:25:40', 11),
(119, 'M liquideo  10mg', 0, 'piece', '2023-06-01 07:27:12', '2023-06-01 07:27:12', 11),
(120, 'M liquideo  15mg', 0, 'piece', '2023-06-01 07:27:42', '2023-06-01 07:27:42', 11),
(121, 'M liquideo  18mg', 0, 'piece', '2023-06-01 07:28:09', '2023-06-01 07:28:09', 11),
(122, 'Red astaire 6mg', 0, 'piece', '2023-06-01 07:29:14', '2023-06-01 07:29:14', 11),
(123, 'Red astaire 3mg', 0, 'piece', '2023-06-01 07:29:43', '2023-06-01 07:29:43', 11),
(124, 'Red astaire 18mg', 0, 'piece', '2023-06-01 07:30:13', '2023-06-01 07:30:13', 11),
(125, 'Heisenberg 0mg', 0, 'piece', '2023-06-01 07:31:22', '2023-06-01 07:31:22', 11),
(126, 'Heisenberg 0mg', 0, 'piece', '2023-06-01 07:31:45', '2023-06-01 07:31:45', 11),
(127, 'Heisenberg 3mg', 0, 'piece', '2023-06-01 07:32:31', '2023-06-01 07:32:31', 11),
(128, 'Heisenberg 6mg', 0, 'piece', '2023-06-01 07:33:02', '2023-06-01 07:33:02', 11),
(129, 'Heisenberg 12mg', 0, 'piece', '2023-06-01 07:33:33', '2023-06-01 07:33:33', 11),
(130, 'FREEZE CASSIS 3 MG', 0, 'piece', '2023-06-01 07:34:27', '2023-06-01 07:34:27', 11),
(131, 'FREEZE CASSIS 6 MG', 0, 'piece', '2023-06-01 07:35:00', '2023-06-01 07:35:00', 11),
(132, 'FREEZE FRAMBOISE 10MG', 0, 'piece', '2023-06-01 07:35:43', '2023-06-01 07:35:43', 11),
(133, 'POP CORN 3MG', 0, 'piece', '2023-06-01 07:36:29', '2023-06-01 07:36:29', 11),
(134, 'VANILLE', 0, 'piece', '2023-06-01 07:40:12', '2023-06-01 07:40:12', 11),
(135, 'VANILLE 6MG', 0, 'piece', '2023-06-01 07:41:28', '2023-06-01 07:41:28', 11),
(136, 'VANILLE 12MG', 0, 'piece', '2023-06-01 07:42:00', '2023-06-01 07:42:00', 11),
(137, 'CARAMEL BEURE SALE 6MG', 0, 'piece', '2023-06-01 07:43:05', '2023-06-01 07:43:05', 11),
(138, 'DULCE 6MG', 0, 'piece', '2023-06-01 07:43:38', '2023-06-01 07:43:38', 11),
(139, 'CLASSIQUE ANANAS 12MG', 0, 'piece', '2023-06-01 07:44:23', '2023-06-01 07:44:23', 11),
(140, 'ENERGY DRINK 00MG', 0, 'piece', '2023-06-01 07:45:36', '2023-06-01 07:45:36', 11),
(141, 'RAISIN GLACE 3MG', 0, 'piece', '2023-06-01 07:48:22', '2023-06-01 07:48:22', 11),
(142, 'RAISIN GLACE 6MG', 0, 'piece', '2023-06-01 07:48:47', '2023-06-01 07:48:47', 11),
(143, 'SAYEN 6MG', 0, 'piece', '2023-06-01 07:49:27', '2023-06-01 07:49:27', 11),
(144, 'SAYEN 12MG', 0, 'piece', '2023-06-01 07:49:53', '2023-06-01 07:49:53', 11),
(145, 'BOOSTER', 0, 'piece', '2023-06-01 07:50:30', '2023-06-01 07:50:30', 14),
(146, 'ALFA FRAISE 00MG', 0, 'piece', '2023-06-01 07:51:41', '2023-06-01 07:51:41', 11),
(147, 'ALFA FRAISE 3MG', 0, 'piece', '2023-06-01 07:52:11', '2023-06-01 07:52:11', 11),
(148, 'ALFA FRAISE 06MG', 0, 'piece', '2023-06-01 07:52:45', '2023-06-01 07:52:45', 11),
(149, 'ALFA fruit rouge 0MG', 0, 'piece', '2023-06-01 07:53:45', '2023-06-01 07:53:45', 11),
(150, 'ALFA  fruit rouge 6MG', 0, 'piece', '2023-06-01 07:54:47', '2023-06-01 07:54:47', 11),
(151, 'ALFA  fruit rouge 12MG', 0, 'piece', '2023-06-01 07:55:16', '2023-06-01 07:55:16', 11),
(152, 'AFLA MURE', 0, 'piece', '2023-06-01 07:55:59', '2023-06-01 07:55:59', 11),
(153, 'FRAISE MURE 16MG', 0, 'piece', '2023-06-01 07:56:53', '2023-06-01 07:56:53', 11),
(154, 'MANGUE PECHE 0MG', 0, 'piece', '2023-06-01 07:57:56', '2023-06-01 07:57:56', 11),
(155, 'MANGUE PECHE 3MG', 0, 'piece', '2023-06-01 07:58:22', '2023-06-01 07:58:22', 11),
(156, 'MANGUE PECHE 6MG', 0, 'piece', '2023-06-01 07:58:56', '2023-06-01 07:58:56', 11),
(157, 'SUMMER FEELING 0MG', 0, 'piece', '2023-06-01 07:59:39', '2023-06-01 07:59:39', 11),
(158, 'SUMMER FEELING 3MG', 0, 'piece', '2023-06-01 08:00:15', '2023-06-01 08:00:15', 11),
(159, 'SUMMER FEELING 6MG', 0, 'piece', '2023-06-01 08:00:37', '2023-06-01 08:00:37', 11),
(160, 'FRAMBOISE CASSIS 0MG', 0, 'piece', '2023-06-01 08:01:14', '2023-06-01 08:01:14', 11),
(161, 'FRAMBOISE CASSIS 3MG', 0, 'piece', '2023-06-01 08:01:47', '2023-06-01 08:01:47', 11),
(162, 'PASSION 0MG', 0, 'piece', '2023-06-01 08:02:16', '2023-06-01 08:02:16', 11),
(163, 'PASSION 6MG', 0, 'piece', '2023-06-01 08:02:38', '2023-06-01 08:02:38', 11),
(164, 'ALFA MENTHE FRAICHE OMG', 0, 'piece', '2023-06-01 08:03:27', '2023-06-01 08:03:27', 11),
(165, 'MENTHE FRAICHE OOMG', 0, 'piece', '2023-06-01 08:05:19', '2023-06-01 08:05:19', 11),
(166, 'MENTHE FRAICHE 3MG', 0, 'piece', '2023-06-01 08:05:46', '2023-06-01 08:05:46', 11),
(167, 'MENTHE FRAICHE 6MG', 0, 'piece', '2023-06-01 08:06:14', '2023-06-01 08:06:14', 11),
(168, 'MENTHE FRAICHE 11MG', 0, 'piece', '2023-06-01 08:06:44', '2023-06-01 08:06:44', 11),
(169, 'MENTHE FRAICHE 19MG', 0, 'piece', '2023-06-01 08:07:14', '2023-06-01 08:07:14', 11),
(170, 'MENTHE GLACIALE OOMG', 0, 'piece', '2023-06-01 08:07:57', '2023-06-01 08:07:57', 11),
(171, 'MENTHE GLACIALE 6MG', 0, 'piece', '2023-06-01 08:08:44', '2023-06-01 08:08:44', 11),
(172, 'MENTHE GLACIALE 11MG', 0, 'piece', '2023-06-01 08:09:36', '2023-06-01 08:09:36', 11),
(173, 'MENTHE GLACIALE 3MG', 0, 'piece', '2023-06-01 08:10:34', '2023-06-01 08:10:34', 11),
(174, 'MENTHE GLACIALE 19MG', 0, 'piece', '2023-06-01 08:11:15', '2023-06-01 08:11:15', 11),
(175, 'FR 4 0MG', 0, 'piece', '2023-06-01 08:12:01', '2023-06-01 08:12:01', 11),
(176, 'FR 4 3MG', 0, 'piece', '2023-06-01 08:12:41', '2023-06-01 08:12:41', 11),
(177, 'FR 4 6MG', 0, 'piece', '2023-06-01 08:13:09', '2023-06-01 08:13:09', 11),
(178, 'FR 4 11MG', 0, 'piece', '2023-06-01 08:13:37', '2023-06-01 08:13:37', 11),
(179, 'FR 4 19MG', 0, 'piece', '2023-06-01 08:14:06', '2023-06-01 08:14:06', 11),
(180, 'FR K', 0, 'piece', '2023-06-01 08:14:35', '2023-06-01 08:14:35', 11),
(181, 'FR K 11MG', 0, 'piece', '2023-06-01 08:15:09', '2023-06-01 08:15:09', 11),
(182, 'USA MIX 00MG', 0, 'piece', '2023-06-01 08:15:53', '2023-06-01 08:15:53', 11),
(183, 'USA MIX 00MG', 0, 'piece', '2023-06-01 08:18:04', '2023-06-01 08:18:04', 11),
(184, 'USA MIX 3MG', 0, 'piece', '2023-06-01 08:18:31', '2023-06-01 08:18:31', 11),
(185, 'USA MIX 12MG', 0, 'piece', '2023-06-01 08:19:10', '2023-06-01 08:19:10', 11),
(186, 'USA MIX 19MG', 0, 'piece', '2023-06-01 08:20:29', '2023-06-01 08:20:29', 11),
(187, 'VANILLE POP CORN 0MG', 0, 'piece', '2023-06-01 08:23:02', '2023-06-01 08:23:02', 11),
(188, 'CARTOUCHE ELF BAR', 0, 'piece', '2023-06-14 16:00:16', '2023-06-14 16:00:16', 19),
(189, 'MANGUE PECHE PASSION', 0, 'piece', '2023-06-15 09:12:30', '2023-06-15 09:12:30', 11),
(190, 'MANGUE PECHE PASSION O MG', 0, 'piece', '2023-06-15 09:13:19', '2023-06-15 09:13:19', 11),
(191, 'MANGUE PECHE PASSION 6 MG', 0, 'piece', '2023-06-15 09:13:49', '2023-06-15 09:13:49', 11),
(192, 'MANGUE PECHE PASSION 3 MG', 0, 'piece', '2023-06-15 09:14:44', '2023-06-15 09:14:44', 11),
(193, 'MANGUE PECHE PASSION 10MG', 0, 'piece', '2023-06-15 09:15:28', '2023-06-15 09:15:28', 11),
(194, 'GRANITE MELON PULP', 0, 'piece', '2023-06-20 07:38:27', '2023-06-20 07:38:27', 18),
(195, 'GRANITE MELON 0MG PULP', 0, 'piece', '2023-06-20 07:42:49', '2023-06-20 07:42:49', 18),
(196, 'GRANITE MELON 3MG PULP', 0, 'piece', '2023-06-20 07:43:35', '2023-06-20 07:43:35', 18),
(197, 'ANANAS MAUI 12MG', 0, 'piece', '2023-06-21 09:43:20', '2023-06-21 09:43:20', 18),
(198, 'CARAMEL ORIGINAL', 0, 'piece', '2023-06-21 09:47:57', '2023-06-21 09:47:57', 18),
(199, 'CARAMEL ORIGINAL  12MG', 0, 'piece', '2023-06-21 09:48:33', '2023-06-21 09:48:33', 18),
(200, 'GRANITE MELON 12MG', 0, 'piece', '2023-06-21 09:49:22', '2023-06-21 09:49:22', 18),
(201, 'CHRISMAST 50 ML', 0, 'piece', '2023-06-21 09:54:12', '2023-06-21 09:54:12', 18),
(202, 'AMERICAN MIX 50 ML', 0, 'piece', '2023-06-21 10:06:19', '2023-06-21 10:06:19', 12),
(203, 'TROPICAL 50ML', 0, 'piece', '2023-06-21 10:07:00', '2023-06-21 10:07:00', 12),
(204, 'FRAISE BANANE RAISIN', 0, 'piece', '2023-06-21 10:07:36', '2023-06-21 10:07:36', 12),
(205, 'MINI  FIT KIT', 0, 'piece', '2023-06-21 10:22:47', '2023-06-21 10:22:47', 6),
(206, 'KIT Q 16 PRO', 0, 'piece', '2023-06-21 10:25:30', '2023-06-21 10:25:30', 4),
(207, 'EGO 510', 0, 'piece', '2023-06-21 10:28:33', '2023-06-21 10:28:33', 4),
(208, 'Luxe Q', 0, 'piece', '2023-06-21 10:29:32', '2023-06-21 10:29:32', 6),
(209, 'WENAX S C', 0, 'piece', '2023-06-21 10:30:54', '2023-06-21 10:30:54', 6),
(210, 'INNOKIN EZWATT', 0, 'piece', '2023-06-21 10:31:55', '2023-06-21 10:31:55', 4),
(211, 'A ASPIRE', 0, 'piece', '2023-06-21 10:32:25', '2023-06-21 10:32:25', 6),
(212, 'DORIC', 0, 'piece', '2023-06-21 10:38:36', '2023-06-21 10:38:36', 4),
(213, 'DRAG S PRO', 0, 'piece', '2023-06-21 10:39:47', '2023-06-21 10:39:47', 6),
(214, 'ARGUS POD', 0, 'piece', '2023-06-21 10:51:08', '2023-06-21 10:51:08', 6),
(215, 'XROS 3', 0, 'piece', '2023-06-21 10:56:26', '2023-06-21 10:56:26', 6),
(216, 'CARTOUCHE ELF BAR PASTEQUE', 0, 'piece', '2023-06-21 10:59:47', '2023-06-21 10:59:47', 19),
(217, 'CARTOUCHE ELF BAR COLA', 0, 'piece', '2023-06-21 11:00:17', '2023-06-21 11:00:17', 19),
(218, 'CARTOUCHE ELF BAR FRAISE KIWI', 0, 'piece', '2023-06-21 11:01:02', '2023-06-21 11:01:02', 19),
(219, 'ACCU 18650', 0, 'piece', '2023-06-21 11:05:14', '2023-06-21 11:05:14', 8),
(220, 'ATO Q16 PRO', 0, 'piece', '2023-06-21 11:16:56', '2023-06-21 11:16:56', 7),
(221, 'ATO GEEKVAPE Z', 0, 'piece', '2023-06-21 11:19:33', '2023-06-21 11:19:33', 7),
(222, 'ATO GEEKVAPE Z NANO', 0, 'piece', '2023-06-21 11:20:03', '2023-06-21 11:20:03', 7),
(223, 'ATO VECO', 0, 'piece', '2023-06-21 11:21:11', '2023-06-21 11:21:11', 7),
(224, 'VERRE Q 16 PRO', 0, 'piece', '2023-06-21 11:22:49', '2023-06-21 11:22:49', 21),
(225, 'POD A ASPIRE', 0, 'piece', '2023-06-21 11:23:46', '2023-06-21 11:23:46', 21),
(226, 'RESISTABCE JUST FOG', 0, 'piece', '2023-06-21 11:25:35', '2023-06-21 11:25:35', 9),
(227, 'RESISTABCE  A ASPIRE', 0, 'piece', '2023-06-21 11:28:03', '2023-06-21 11:28:03', 9),
(228, 'RESISTABCE  PRISM S ZENITH', 0, 'piece', '2023-06-21 11:29:11', '2023-06-21 11:29:11', 9),
(229, 'CARTOUCHE LUXE Q', 0, 'piece', '2023-06-21 11:32:21', '2023-06-21 11:32:21', 10),
(230, 'Z COIL 0.3', 0, 'piece', '2023-06-21 11:33:38', '2023-06-21 11:33:38', 9),
(231, 'Z COIL 0.8', 0, 'piece', '2023-06-21 11:34:29', '2023-06-21 11:34:29', 9),
(232, 'Z COIL 1.2', 0, 'piece', '2023-06-21 11:35:09', '2023-06-21 11:35:09', 9),
(233, 'DORIC Q', 0, 'piece', '2023-06-21 11:38:06', '2023-06-21 11:38:06', 6),
(234, 'RESISTANCE VOOPO TPP DM1 DRAG PRO', 0, 'piece', '2023-06-21 11:41:50', '2023-06-21 11:41:50', 9),
(235, 'RESISTANCE NEVOK 0.3', 0, 'piece', '2023-06-21 11:44:06', '2023-06-21 11:44:06', 9),
(236, 'RESISTANCE NEVOK 0.6', 0, 'piece', '2023-06-21 11:45:41', '2023-06-21 11:45:41', 9),
(237, 'RESISTANCE WENAX GO 0.8', 0, 'piece', '2023-06-21 11:54:53', '2023-06-21 11:54:53', 9),
(238, 'RESISTANCE  WENAX 0.4', 0, 'piece', '2023-06-21 12:01:49', '2023-06-21 12:01:49', 9),
(239, 'RESISTANCE  WENAX 0.6', 0, 'piece', '2023-06-21 12:06:03', '2023-06-21 12:06:03', 9),
(240, 'RESISTANCE POCKET X', 0, 'piece', '2023-06-23 10:41:41', '2023-06-23 10:41:41', 9),
(241, 'resistance gtx 1.2', 0, 'piece', '2023-06-27 09:54:04', '2023-06-27 09:54:04', 9),
(242, 'resistance gtx 0.8', 0, 'piece', '2023-06-27 09:55:02', '2023-06-27 09:55:02', 9),
(243, 'resistance gtx 0.4', 0, 'piece', '2023-06-27 09:56:09', '2023-06-27 09:56:09', 9),
(244, 'resistance gtx 0.3', 0, 'piece', '2023-06-27 09:56:41', '2023-06-27 09:56:41', 9),
(245, 'RESISTANCE GTX 0.2', 0, 'piece', '2023-06-27 09:57:28', '2023-06-27 09:57:28', 9),
(246, 'resistance gtx 0.15', 0, 'piece', '2023-06-27 09:58:59', '2023-06-27 09:58:59', 9),
(247, 'Resistance nautilus 0.3', 0, 'piece', '2023-06-27 10:04:42', '2023-06-27 10:04:42', 9),
(248, 'RESSITANCE AF 0.6 ASPIRE', 0, 'piece', '2023-06-27 10:06:45', '2023-06-27 10:06:45', 9),
(249, 'RESITANCE GS AIR 0.75', 0, 'piece', '2023-06-27 10:08:27', '2023-06-27 10:08:27', 9),
(250, 'RESISTANCE MELO EC2 0.3', 0, 'piece', '2023-06-27 10:14:14', '2023-06-27 10:14:14', 9),
(251, 'RESISTANCE JOHETECH AOI', 0, 'piece', '2023-06-27 10:16:30', '2023-06-27 10:16:30', 9),
(252, 'RESISTANCE JOYETECH AOI', 0, 'piece', '2023-06-27 10:18:27', '2023-06-27 10:18:27', 9),
(253, 'RESISTANCE VECO EUC 0.3', 0, 'piece', '2023-06-27 10:22:32', '2023-06-27 10:22:32', 9),
(254, 'RESISTANCE VOOPOO PNP 0.2', 0, 'piece', '2023-06-27 10:24:06', '2023-06-27 10:24:06', 9),
(255, 'RESISTANCE VOOPOO PNP 0.15', 0, 'piece', '2023-06-27 10:24:46', '2023-06-27 10:24:46', 9),
(256, 'RESISTANCE VOOPOO PNP 0.3', 0, 'piece', '2023-06-27 10:25:21', '2023-06-27 10:25:21', 9),
(257, 'RESISTANCE VOOPOO PNP 0.45', 0, 'piece', '2023-06-27 10:26:33', '2023-06-27 10:26:33', 9),
(258, 'RESISTANCE VOOPOO PNP 0.6', 0, 'piece', '2023-06-27 10:27:19', '2023-06-27 10:27:19', 9),
(259, 'RESISTANCE GEEK VAPE PO 4   0.4', 0, 'piece', '2023-06-27 10:33:02', '2023-06-27 10:33:02', 9),
(260, 'RESISTANCE GEEK VAPE PO 2   0.2', 0, 'piece', '2023-06-27 10:34:32', '2023-06-27 10:34:32', 9),
(261, 'RESISTANCE GEEK VAPE Z 0.15', 0, 'piece', '2023-06-27 10:36:20', '2023-06-27 10:36:20', 9),
(262, 'RESISTANCE GEEK VAPE M 0.14', 0, 'piece', '2023-06-27 10:37:16', '2023-06-27 10:37:16', 9),
(263, 'pop corne vanille', 0, 'piece', '2023-07-13 10:08:03', '2023-07-13 10:08:03', 11),
(264, 'pop corn vanille 03MG', 0, 'pièce', '2023-07-13 10:12:35', '2023-07-13 10:12:35', 11),
(265, 'pop corne vanille  06MG', 0, 'piece', '2023-07-13 10:13:59', '2023-07-13 10:13:59', 11),
(266, 'CARTOUCHE ALFA MENTHE', 0, 'PIECE', '2023-07-13 10:39:49', '2023-07-13 10:39:49', 20),
(267, 'PASSION 12MG', 0, 'piece', '2023-07-20 11:04:25', '2023-07-20 11:04:25', 11),
(268, 'fruit rouge 3 MG', 0, 'piece', '2023-08-03 15:32:56', '2023-08-03 15:32:56', 11),
(269, 'minican3 aspire', 0, 'piece', '2023-08-07 07:58:19', '2023-08-07 07:58:19', 6),
(270, 'minican3 aspire  25 WATT', 0, 'piece', '2023-08-07 07:59:31', '2023-08-07 07:59:31', 6),
(271, 'Argus G', 0, 'piece', '2023-08-07 08:02:13', '2023-08-07 08:02:13', 6),
(272, 'KLIPSPE ZIP', 0, 'piece', '2023-08-07 08:02:56', '2023-08-07 08:02:56', 6),
(273, 'LUXE X MAX', 0, 'piece', '2023-08-07 08:03:34', '2023-08-07 08:03:34', 6),
(274, 'OSMALL', 0, 'piece', '2023-08-07 08:04:19', '2023-08-07 08:04:19', 6),
(275, 'WENAX Q', 0, 'piece', '2023-08-07 08:04:53', '2023-08-07 08:04:53', 6),
(276, 'VANILLE EXTREME', 0, 'piece', '2023-08-07 08:35:26', '2023-08-07 08:35:26', 11),
(277, 'POMME CHICHA', 0, 'piece', '2023-08-07 08:36:08', '2023-08-07 08:36:08', 11),
(278, 'POMME CHICHA  6MG', 0, 'piece', '2023-08-07 08:36:46', '2023-08-07 08:36:46', 11),
(279, 'VANILLE EXTREME 12MG', 0, 'piece', '2023-08-07 08:37:18', '2023-08-07 08:37:18', 11),
(280, 'CHRISMAST 3MG', 0, 'piece', '2023-08-07 08:37:53', '2023-08-07 08:37:53', 11),
(281, 'FRAISE SAUVAGE 6MG', 0, 'piece', '2023-08-07 08:38:52', '2023-08-07 08:38:52', 11),
(282, 'Heisenberg 18mg', 0, 'piece', '2023-08-07 08:50:35', '2023-08-07 08:50:35', 11),
(283, 'PUFF MENTHE VERTE 20 MG', 0, 'piece', '2023-08-07 09:02:44', '2023-08-07 09:02:44', 17),
(284, 'PUFF MYRTILLE F ACCIDULE 0MG', 0, 'piece', '2023-08-07 09:03:35', '2023-08-07 09:03:35', 17),
(285, 'PUFF MYRTILLE F ACCIDULE 20MG', 0, 'piece', '2023-08-07 09:04:24', '2023-08-07 09:04:24', 17),
(286, 'PUFF ANANAS M PECHE 0MG', 0, 'piece', '2023-08-07 09:05:27', '2023-08-07 09:05:27', 17),
(287, 'PUFF FRAISE GLACE 10 MG', 0, 'piece', '2023-08-07 09:06:10', '2023-08-07 09:06:10', 17),
(288, 'PUFF PASSION K GOYAVE 10MG', 0, 'piece', '2023-08-07 09:07:10', '2023-08-07 09:07:10', 17),
(289, 'PUFF COLA 20MG', 0, 'piece', '2023-08-07 09:11:13', '2023-08-07 09:11:13', 17),
(290, 'HEETS YELLOW', 0, 'piece', '2023-08-07 09:14:02', '2023-08-07 09:14:02', 10),
(291, 'HEETS BRONZE', 0, 'piece', '2023-08-07 09:14:51', '2023-08-07 09:14:51', 20),
(292, 'ADDITIF', 0, 'piece', '2023-08-07 09:21:37', '2023-08-07 09:21:37', 11),
(293, 'Heisenberg 50 ML', 0, 'piece', '2023-08-07 09:29:14', '2023-08-07 09:29:14', 12),
(294, 'FRUIT EXOTIQUE 50ML', 0, 'piece', '2023-08-07 09:30:09', '2023-08-07 09:30:09', 12),
(295, 'RAGNAROK 50ML', 0, 'piece', '2023-08-07 09:31:03', '2023-08-07 09:31:03', 11),
(296, 'RAISIN GLACE 50ML', 0, 'piece', '2023-08-07 09:31:48', '2023-08-07 09:31:48', 12),
(297, 'FRAISE BANANE RAISIN 5OML', 0, 'piece', '2023-08-07 09:32:20', '2023-08-07 09:32:20', 12),
(298, 'CARAMEL 50ML', 0, 'piece', '2023-08-07 09:32:59', '2023-08-07 09:32:59', 11),
(299, 'COLA 50ML', 0, 'piece', '2023-08-07 09:33:46', '2023-08-07 09:33:46', 12),
(300, 'HOLLYWOOD 50ML', 0, 'piece', '2023-08-07 09:35:07', '2023-08-07 09:35:07', 12),
(301, 'MIRABELLE 50ML', 0, 'piece', '2023-08-07 09:35:45', '2023-08-07 09:35:45', 12),
(302, 'MELON PASTEQUE 50ML', 0, 'piece', '2023-08-07 09:36:23', '2023-08-07 09:36:23', 12),
(303, 'CITRON CASSIS MANDARINE 50ML', 0, 'piece', '2023-08-07 09:37:25', '2023-08-07 09:37:25', 12),
(304, 'MELON CASSIS BANANA 50ML', 0, 'piece', '2023-08-07 09:38:23', '2023-08-07 09:38:23', 12),
(305, 'MANGO APRICOT 50ML', 0, 'piece', '2023-08-07 09:39:39', '2023-08-07 09:39:39', 12),
(306, 'MELON 50ML', 0, 'piece', '2023-08-07 09:40:20', '2023-08-07 09:40:20', 12),
(307, 'PHOENIX 50ML', 0, 'piece', '2023-08-07 09:40:57', '2023-08-07 09:40:57', 12),
(308, 'FRAISE DES CERISE 50ML', 0, 'piece', '2023-08-07 09:41:47', '2023-08-07 09:41:47', 12),
(309, 'TARTE PECAN 50ML', 0, 'piece', '2023-08-07 09:45:54', '2023-08-07 09:45:54', 12),
(310, 'JUST JUICE  MANGO B ORANGE 50ML', 0, 'piece', '2023-08-07 09:47:11', '2023-08-07 09:47:11', 12),
(311, 'JUST JUICE  MANGOCPASSION 50ML', 0, 'piece', '2023-08-07 09:47:42', '2023-08-07 09:47:42', 12),
(312, 'JUST JUICE GRAPE MELON  50ML', 0, 'piece', '2023-08-07 09:48:55', '2023-08-07 09:48:55', 12),
(313, 'JUST JUICE FRUIT EXOTIQUE  50ML', 0, 'piece', '2023-08-07 09:49:52', '2023-08-07 09:49:52', 12),
(314, 'BRUTAL RED ET BLACK 100ML', 0, 'piece', '2023-08-07 10:01:00', '2023-08-07 10:01:00', 13),
(315, 'BRUTAL MR JACK 100ML', 0, 'piece', '2023-08-07 10:01:44', '2023-08-07 10:01:44', 13),
(316, 'BRUTAL RHUBARB CUSTARD 100ML', 0, 'piece', '2023-08-07 10:02:40', '2023-08-07 10:02:40', 12),
(317, 'BRUTAL RASPBERRY SOUR 100ML', 0, 'piece', '2023-08-07 10:04:21', '2023-08-07 10:04:21', 13),
(318, 'BASE  170ML', 0, 'piece', '2023-08-07 10:05:54', '2023-08-07 10:05:54', 13),
(319, 'BASE  125ML', 0, 'piece', '2023-08-07 10:06:21', '2023-08-07 10:06:21', 13),
(320, 'CONCENTRE VALKYRIE 30ML', 0, 'piece', '2023-08-07 10:09:04', '2023-08-07 10:09:04', 15),
(321, 'CONCENTRE GRAPE 30ML', 0, 'piece', '2023-08-07 10:14:00', '2023-08-07 10:14:00', 15),
(322, 'CONCENTRE HEISENBERG GRAPE 30ML', 0, 'piece', '2023-08-07 10:14:47', '2023-08-07 10:14:47', 15),
(323, 'CONCENTRE HEISENBERG  30ML', 0, 'piece', '2023-08-07 10:15:30', '2023-08-07 10:15:30', 15),
(324, 'CONCENTRE BAIE BLEU 30ML', 0, 'piece', '2023-08-07 10:16:22', '2023-08-07 10:16:22', 15),
(325, 'CONCENTRE EXOTIC FRUIT  30ML', 0, 'piece', '2023-08-07 10:17:42', '2023-08-07 10:17:42', 15),
(326, 'CONCENTRE ABRICOT PECHE ANANAS 30ML', 0, 'piece', '2023-08-07 10:18:41', '2023-08-07 10:18:41', 15),
(327, 'CONCENTRE A ET L  30ML', 0, 'piece', '2023-08-07 10:21:34', '2023-08-07 10:21:34', 15),
(328, 'CONCENTRE A ET L  PHOENIX 30ML', 0, 'piece', '2023-08-07 10:22:47', '2023-08-07 10:22:47', 12),
(329, 'KISS FULL 50ML', 0, 'piece', '2023-08-07 10:46:11', '2023-08-07 10:46:11', 12),
(330, 'ICE DRAGON 50ML', 0, 'piece', '2023-08-07 10:47:19', '2023-08-07 10:47:19', 12),
(331, 'Pasteque kiwi 50 MG', 0, 'piece', '2023-08-07 10:47:46', '2023-08-07 10:47:46', 12),
(332, 'MENTHE FRAICHE 50ML', 0, 'piece', '2023-08-07 10:48:53', '2023-08-07 10:48:53', 12),
(333, 'MANGUE PECHE PASSION 50ML', 0, 'piece', '2023-08-07 10:53:32', '2023-08-07 10:53:32', 12),
(334, 'ibra', 1500, 'piece', '2024-11-24 12:29:02', '2024-11-24 12:29:02', 4);

-- --------------------------------------------------------

--
-- Structure de la table `retours`
--

CREATE TABLE `retours` (
  `id` bigint(20) UNSIGNED NOT NULL,
  `quantite` double NOT NULL,
  `sortie_id` bigint(20) UNSIGNED NOT NULL,
  `created_at` timestamp NULL DEFAULT NULL,
  `updated_at` timestamp NULL DEFAULT NULL
) ENGINE=InnoDB DEFAULT CHARSET=utf8mb4 COLLATE=utf8mb4_unicode_ci;

-- --------------------------------------------------------

--
-- Structure de la table `sorties`
--

CREATE TABLE `sorties` (
  `id` bigint(20) UNSIGNED NOT NULL,
  `produit_id` bigint(20) UNSIGNED NOT NULL,
  `prixv` double NOT NULL,
  `created_at` timestamp NULL DEFAULT NULL,
  `updated_at` timestamp NULL DEFAULT NULL,
  `facture_id` bigint(20) UNSIGNED NOT NULL,
  `quantite` double NOT NULL
) ENGINE=InnoDB DEFAULT CHARSET=utf8mb4 COLLATE=utf8mb4_unicode_ci;

--
-- Déchargement des données de la table `sorties`
--

INSERT INTO `sorties` (`id`, `produit_id`, `prixv`, `created_at`, `updated_at`, `facture_id`, `quantite`) VALUES
(9, 38, 10000, '2023-05-31 13:00:08', '2023-05-31 13:00:08', 5, 6),
(10, 38, 10000, '2023-05-31 13:01:46', '2023-05-31 13:01:46', 6, 8),
(11, 43, 10000, '2023-05-31 13:04:39', '2023-05-31 13:04:39', 7, 10),
(13, 58, 5000, '2023-06-02 08:34:13', '2023-06-02 08:34:13', 9, 2),
(14, 108, 5000, '2023-06-02 08:38:20', '2023-06-02 08:38:20', 10, 12),
(16, 58, 5000, '2023-06-02 08:40:20', '2023-06-02 08:40:20', 12, 6),
(17, 41, 10000, '2023-06-02 08:41:03', '2023-06-02 08:41:03', 13, 1),
(18, 158, 4500, '2023-06-02 08:45:44', '2023-06-02 08:45:44', 14, 1),
(19, 112, 5000, '2023-06-02 09:03:24', '2023-06-02 09:03:24', 15, 1),
(20, 116, 5000, '2023-06-02 09:03:24', '2023-06-02 09:03:24', 15, 1),
(21, 53, 5000, '2023-06-02 09:04:56', '2023-06-02 09:04:56', 16, 1),
(22, 52, 5000, '2023-06-02 09:13:22', '2023-06-02 09:13:22', 17, 1),
(23, 81, 15000, '2023-06-02 09:19:24', '2023-06-02 09:19:24', 18, 3),
(24, 151, 4500, '2023-06-02 09:40:17', '2023-06-02 09:40:17', 19, 1),
(25, 173, 0.1, '2023-06-02 10:38:15', '2023-06-02 10:38:15', 20, 2),
(26, 41, 0, '2023-06-02 10:49:06', '2023-06-02 10:49:06', 21, 1),
(27, 50, 1.2, '2023-06-02 10:49:06', '2023-06-02 10:49:06', 21, 1),
(28, 43, 0.2, '2023-06-02 10:49:06', '2023-06-02 10:49:06', 21, 1),
(29, 78, 5, '2023-06-02 11:08:40', '2023-06-02 11:08:40', 22, 2),
(30, 166, -0.6, '2023-06-02 11:45:06', '2023-06-02 11:45:06', 23, 1),
(31, 138, 0.9, '2023-06-02 12:38:48', '2023-06-02 12:38:48', 24, 1),
(32, 72, 0.3, '2023-06-02 12:40:02', '2023-06-02 12:40:02', 25, 1),
(33, 15, 1.2, '2023-06-03 08:50:49', '2023-06-03 08:50:49', 26, 1),
(34, 49, 0.1, '2023-06-03 09:03:24', '2023-06-03 09:03:24', 27, 1),
(35, 113, 0.3, '2023-06-03 11:14:36', '2023-06-03 11:14:36', 28, 1),
(36, 122, 0.3, '2023-06-03 11:14:36', '2023-06-03 11:14:36', 28, 1),
(37, 128, 0.3, '2023-06-03 11:14:36', '2023-06-03 11:14:36', 28, 1),
(38, 58, 0.9, '2023-06-03 11:21:25', '2023-06-03 11:21:25', 29, 4),
(39, 145, 0.8, '2023-06-03 11:50:28', '2023-06-03 11:50:28', 30, 4),
(40, 12, 0.1, '2023-06-03 12:53:06', '2023-06-03 12:53:06', 31, 1),
(41, 145, 0.1, '2023-06-03 12:53:35', '2023-06-03 12:53:35', 32, 2),
(42, 124, 0.4, '2023-06-03 14:01:01', '2023-06-03 14:01:01', 33, 2),
(43, 11, 0.1, '2023-06-03 17:24:02', '2023-06-03 17:24:02', 34, 1),
(44, 115, 5000, '2023-06-04 09:37:47', '2023-06-04 09:37:47', 35, 1),
(45, 77, 5000, '2023-06-04 09:44:50', '2023-06-04 09:44:50', 36, 2),
(46, 58, 5000, '2023-06-04 09:44:50', '2023-06-04 09:44:50', 36, 2),
(47, 11, 55000, '2023-06-04 09:44:50', '2023-06-04 09:44:50', 36, 1),
(48, 12, 35000, '2023-06-04 09:44:50', '2023-06-04 09:44:50', 36, 1),
(49, 52, 5000, '2023-06-04 09:44:50', '2023-06-04 09:44:50', 36, 2),
(50, 53, 5000, '2023-06-04 09:44:50', '2023-06-04 09:44:50', 36, 1),
(51, 51, 5000, '2023-06-04 09:46:21', '2023-06-04 09:46:21', 37, 2),
(52, 148, 4500, '2023-06-04 13:23:38', '2023-06-04 13:23:38', 38, 1),
(53, 177, 4500, '2023-06-04 13:23:38', '2023-06-04 13:23:38', 38, 1),
(54, 113, 5000, '2023-06-04 13:53:12', '2023-06-04 13:53:12', 39, 1),
(55, 177, 4500, '2023-06-04 14:37:27', '2023-06-04 14:37:27', 40, 1),
(56, 82, 5, '2023-06-04 16:42:28', '2023-06-04 16:42:28', 41, 2),
(57, 74, 0, '2023-06-04 16:47:14', '2023-06-04 16:47:14', 42, 13),
(58, 21, 0, '2023-06-04 17:32:58', '2023-06-04 17:32:58', 43, 1),
(59, 32, 0, '2023-06-04 17:32:58', '2023-06-04 17:32:58', 43, 1),
(60, 145, 0, '2023-06-05 08:31:34', '2023-06-05 08:31:34', 44, 10),
(61, 53, 5000, '2023-06-05 08:36:37', '2023-06-05 08:36:37', 45, 6),
(62, 37, 16000, '2023-06-05 09:25:59', '2023-06-05 09:25:59', 46, 1),
(63, 179, 4500, '2023-06-05 11:01:36', '2023-06-05 11:01:36', 47, 3),
(64, 178, 4500, '2023-06-05 14:40:57', '2023-06-05 14:40:57', 48, 2),
(65, 41, 0, '2023-06-05 16:13:35', '2023-06-05 16:13:35', 49, 1),
(66, 45, 0, '2023-06-05 16:13:35', '2023-06-05 16:13:35', 49, 1),
(67, 44, 0, '2023-06-05 16:13:35', '2023-06-05 16:13:35', 49, 6),
(68, 179, 4500, '2023-06-05 16:36:42', '2023-06-05 16:36:42', 50, 6),
(69, 145, 5000, '2023-06-05 16:56:59', '2023-06-05 16:56:59', 51, 2),
(70, 4, 0, '2023-06-05 17:14:42', '2023-06-05 17:14:42', 52, 1),
(71, 145, 2500, '2023-06-05 17:15:07', '2023-06-05 17:15:07', 53, 2),
(72, 45, 10000, '2023-06-05 18:45:59', '2023-06-05 18:45:59', 54, 1),
(73, 58, 5000, '2023-06-06 12:46:39', '2023-06-06 12:46:39', 55, 2),
(74, 145, 2500, '2023-06-06 12:46:39', '2023-06-06 12:46:39', 55, 4),
(75, 116, 5000, '2023-06-06 12:47:04', '2023-06-06 12:47:04', 56, 1),
(76, 109, 0, '2023-06-06 12:48:06', '2023-06-06 12:48:06', 57, 1),
(77, 39, 10000, '2023-06-06 15:14:25', '2023-06-06 15:14:25', 58, 1),
(78, 90, 5000, '2023-06-06 15:14:25', '2023-06-06 15:14:25', 58, 1),
(79, 88, 5000, '2023-06-06 15:14:25', '2023-06-06 15:14:25', 58, 1),
(80, 149, 4500, '2023-06-06 15:14:25', '2023-06-06 15:14:25', 58, 1),
(81, 151, 4500, '2023-06-06 15:14:25', '2023-06-06 15:14:25', 58, 1),
(82, 12, 35000, '2023-06-06 15:14:25', '2023-06-06 15:14:25', 58, 1),
(83, 115, 5000, '2023-06-06 15:14:25', '2023-06-06 15:14:25', 58, 1),
(84, 13, 30000, '2023-06-06 15:14:25', '2023-06-06 15:14:25', 58, 1),
(85, 145, 4500, '2023-06-06 15:19:22', '2023-06-06 15:19:22', 59, 1),
(86, 164, 4500, '2023-06-06 16:02:35', '2023-06-06 16:02:35', 60, 1),
(87, 145, 3500, '2023-06-06 16:51:09', '2023-06-06 16:51:09', 61, 2),
(88, 110, 5000, '2023-06-06 17:21:47', '2023-06-06 17:21:47', 62, 1),
(89, 110, 5000, '2023-06-06 17:30:10', '2023-06-06 17:30:10', 63, 2),
(90, 37, 16000, '2023-06-07 12:48:23', '2023-06-07 12:48:23', 64, 1),
(91, 169, 4500, '2023-06-07 12:48:23', '2023-06-07 12:48:23', 64, 1),
(92, 145, 3000, '2023-06-07 14:36:03', '2023-06-07 14:36:03', 65, 2),
(93, 151, 4500, '2023-06-07 18:25:42', '2023-06-07 18:25:42', 66, 1),
(94, 168, 4500, '2023-06-08 10:10:23', '2023-06-08 10:10:23', 67, 4),
(95, 58, 5000, '2023-06-08 14:25:24', '2023-06-08 14:25:24', 68, 2),
(96, 145, 0, '2023-06-08 17:41:07', '2023-06-08 17:41:07', 69, 1),
(97, 179, 4500, '2023-06-08 17:59:33', '2023-06-08 17:59:33', 70, 1),
(98, 179, 4500, '2023-06-08 17:59:57', '2023-06-08 17:59:57', 71, 1),
(99, 108, 5000, '2023-06-08 18:01:47', '2023-06-08 18:01:47', 72, 4),
(100, 68, 5000, '2023-06-08 18:02:05', '2023-06-08 18:02:05', 73, 8),
(101, 164, 4500, '2023-06-08 18:24:00', '2023-06-08 18:24:00', 74, 1),
(102, 115, 500, '2023-06-08 18:24:00', '2023-06-08 18:24:00', 74, 1),
(103, 178, 4500, '2023-06-09 08:38:26', '2023-06-09 08:38:26', 75, 2),
(104, 45, 1000, '2023-06-09 10:09:52', '2023-06-09 10:09:52', 76, 1),
(105, 176, 4500, '2023-06-09 11:41:27', '2023-06-09 11:41:27', 77, 2),
(106, 78, 5000, '2023-06-09 13:01:14', '2023-06-09 13:01:14', 78, 1),
(107, 176, 4500, '2023-06-09 14:28:00', '2023-06-09 14:28:00', 79, 1),
(108, 5, 35000, '2023-06-09 15:30:44', '2023-06-09 15:30:44', 80, 1),
(109, 76, 5000, '2023-06-09 17:49:36', '2023-06-09 17:49:36', 81, 4),
(110, 5, 35000, '2023-06-09 17:50:08', '2023-06-09 17:50:08', 82, 1),
(111, 34, 0, '2023-06-09 17:50:08', '2023-06-09 17:50:08', 82, 2),
(112, 177, 4500, '2023-06-10 10:06:02', '2023-06-10 10:06:02', 83, 4),
(113, 41, 0.1, '2023-06-10 11:06:11', '2023-06-10 11:06:11', 84, 1),
(114, 153, 4500, '2023-06-10 12:20:13', '2023-06-10 12:20:13', 85, 4),
(115, 110, 5000, '2023-06-10 16:23:24', '2023-06-10 16:23:24', 86, 2),
(116, 128, 5000, '2023-06-10 17:09:52', '2023-06-10 17:09:52', 87, 2),
(117, 113, 5000, '2023-06-10 17:09:52', '2023-06-10 17:09:52', 87, 1),
(118, 76, 5000, '2023-06-10 17:09:52', '2023-06-10 17:09:52', 87, 1),
(119, 177, 4500, '2023-06-10 17:16:27', '2023-06-10 17:16:27', 88, 1),
(120, 64, 5000, '2023-06-11 12:22:54', '2023-06-11 12:22:54', 89, 3),
(121, 173, 4500, '2023-06-11 18:43:56', '2023-06-11 18:43:56', 90, 1),
(122, 141, 5000, '2023-06-11 18:43:56', '2023-06-11 18:43:56', 90, 1),
(123, 142, 5000, '2023-06-11 18:43:56', '2023-06-11 18:43:56', 90, 1),
(124, 113, 5000, '2023-06-11 18:43:56', '2023-06-11 18:43:56', 90, 1),
(125, 153, 450, '2023-06-11 18:43:56', '2023-06-11 18:43:56', 90, 1),
(126, 8, 75000, '2023-06-11 18:44:34', '2023-06-11 18:44:34', 91, 1),
(127, 59, 5000, '2023-06-12 09:37:42', '2023-06-12 09:37:42', 92, 1),
(128, 172, 4500, '2023-06-12 10:30:46', '2023-06-12 10:30:46', 93, 6),
(129, 110, 5000, '2023-06-12 12:01:47', '2023-06-12 12:01:47', 94, 1),
(130, 116, 5000, '2023-06-12 12:01:47', '2023-06-12 12:01:47', 94, 1),
(131, 145, 2500, '2023-06-12 12:01:47', '2023-06-12 12:01:47', 94, 2),
(132, 145, 0, '2023-06-12 12:01:47', '2023-06-12 12:01:47', 94, 1),
(133, 114, 5000, '2023-06-12 12:01:47', '2023-06-12 12:01:47', 94, 2),
(134, 44, 10000, '2023-06-12 18:23:32', '2023-06-12 18:23:32', 95, 1),
(135, 141, 5000, '2023-06-13 10:14:12', '2023-06-13 10:14:12', 96, 1),
(136, 117, 5000, '2023-06-13 10:14:12', '2023-06-13 10:14:12', 96, 1),
(137, 114, 5000, '2023-06-13 10:14:12', '2023-06-13 10:14:12', 96, 1),
(138, 53, 5000, '2023-06-13 11:35:50', '2023-06-13 11:35:50', 97, 6),
(139, 177, 4500, '2023-06-13 13:46:22', '2023-06-13 13:46:22', 98, 2),
(140, 59, 5000, '2023-06-13 16:50:50', '2023-06-13 16:50:50', 99, 12),
(141, 59, 2, '2023-06-13 16:51:37', '2023-06-13 16:51:37', 100, 2),
(142, 157, 4500, '2023-06-13 17:51:10', '2023-06-13 17:51:10', 101, 1),
(143, 55, 5000, '2023-06-14 09:24:28', '2023-06-14 09:24:28', 102, 3),
(144, 60, 5000, '2023-06-14 09:26:34', '2023-06-14 09:26:34', 103, 3),
(145, 47, 5000, '2023-06-14 09:46:36', '2023-06-14 09:46:36', 104, 1),
(146, 43, 10000, '2023-06-14 09:46:36', '2023-06-14 09:46:36', 104, 1),
(147, 6, 125000, '2023-06-14 16:16:42', '2023-06-14 16:16:42', 105, 1),
(148, 43, 9000, '2023-06-15 07:30:35', '2023-06-15 07:30:35', 106, 1),
(149, 138, 5000, '2023-06-15 07:30:35', '2023-06-15 07:30:35', 106, 1),
(150, 105, 5000, '2023-06-15 07:30:35', '2023-06-15 07:30:35', 106, 1),
(151, 166, 5, '2023-06-15 09:18:16', '2023-06-15 09:18:16', 107, 1),
(152, 168, 4500, '2023-06-15 09:22:44', '2023-06-15 09:22:44', 108, 4),
(153, 78, 5000, '2023-06-15 15:33:03', '2023-06-15 15:33:03', 109, 2),
(154, 44, 10000, '2023-06-15 15:40:36', '2023-06-15 15:40:36', 110, 1),
(155, 176, 4500, '2023-06-15 15:43:57', '2023-06-15 15:43:57', 111, 5),
(156, 147, 4500, '2023-06-15 16:03:57', '2023-06-15 16:03:57', 112, 1),
(157, 184, 4500, '2023-06-15 16:03:57', '2023-06-15 16:03:57', 112, 1),
(158, 53, 5000, '2023-06-16 11:19:55', '2023-06-16 11:19:55', 113, 2),
(159, 185, 4500, '2023-06-16 11:31:14', '2023-06-16 11:31:14', 114, 2),
(160, 145, 0, '2023-06-16 11:42:22', '2023-06-16 11:42:22', 115, 4),
(161, 77, 5000, '2023-06-16 11:42:22', '2023-06-16 11:42:22', 115, 6),
(162, 39, 10000, '2023-06-16 11:42:22', '2023-06-16 11:42:22', 115, 1),
(163, 41, 10000, '2023-06-16 11:42:22', '2023-06-16 11:42:22', 115, 1),
(164, 49, 0, '2023-06-16 11:42:22', '2023-06-16 11:42:22', 115, 4),
(165, 176, 4500, '2023-06-16 11:42:22', '2023-06-16 11:42:22', 115, 1),
(166, 110, 0, '2023-06-16 11:47:14', '2023-06-16 11:47:14', 116, 1),
(167, 145, 0, '2023-06-16 15:17:47', '2023-06-16 15:17:47', 117, 3),
(168, 40, 0, '2023-06-16 16:23:48', '2023-06-16 16:23:48', 118, 5),
(169, 48, 0, '2023-06-16 16:23:48', '2023-06-16 16:23:48', 118, 2),
(170, 114, 0, '2023-06-16 16:29:20', '2023-06-16 16:29:20', 119, 2),
(171, 114, 5000, '2023-06-16 16:29:20', '2023-06-16 16:29:20', 119, 1),
(172, 47, 0, '2023-06-16 16:32:52', '2023-06-16 16:32:52', 120, 1),
(173, 124, 0, '2023-06-16 16:32:52', '2023-06-16 16:32:52', 120, 1),
(174, 123, 0, '2023-06-16 16:32:52', '2023-06-16 16:32:52', 120, 1),
(175, 124, 0, '2023-06-16 16:32:52', '2023-06-16 16:32:52', 120, 1),
(176, 127, 5000, '2023-06-16 18:58:22', '2023-06-16 18:58:22', 121, 1),
(177, 184, 4500, '2023-06-17 08:50:24', '2023-06-17 08:50:24', 122, 2),
(178, 148, 4500, '2023-06-17 08:50:24', '2023-06-17 08:50:24', 122, 1),
(179, 150, 4500, '2023-06-17 08:50:24', '2023-06-17 08:50:24', 122, 1),
(180, 184, 0, '2023-06-17 09:26:10', '2023-06-17 09:26:10', 123, 4),
(181, 171, 0.1, '2023-06-17 09:26:10', '2023-06-17 09:26:10', 123, 4),
(182, 171, 4500, '2023-06-17 09:26:10', '2023-06-17 09:26:10', 123, 2),
(183, 166, 0.1, '2023-06-17 09:26:10', '2023-06-17 09:26:10', 123, 2),
(184, 63, -0.1, '2023-06-17 09:27:27', '2023-06-17 09:27:27', 124, 5),
(185, 53, -0.2, '2023-06-17 09:27:27', '2023-06-17 09:27:27', 124, 1),
(186, 168, -0.1, '2023-06-17 09:35:41', '2023-06-17 09:35:41', 125, 5),
(187, 166, -0.1, '2023-06-17 09:35:41', '2023-06-17 09:35:41', 125, 1),
(188, 172, -0.1, '2023-06-17 09:35:41', '2023-06-17 09:35:41', 125, 1),
(189, 44, -0.1, '2023-06-17 10:15:14', '2023-06-17 10:15:14', 126, 1),
(190, 50, -0.1, '2023-06-17 10:15:14', '2023-06-17 10:15:14', 126, 3),
(191, 40, 0.1, '2023-06-17 10:15:14', '2023-06-17 10:15:14', 126, 1),
(192, 174, 4500, '2023-06-17 10:45:22', '2023-06-17 10:45:22', 127, 1),
(193, 45, 10000, '2023-06-17 11:32:15', '2023-06-17 11:32:15', 128, 1),
(194, 166, 4500, '2023-06-17 13:22:22', '2023-06-17 13:22:22', 129, 1),
(195, 53, 5000, '2023-06-17 13:22:22', '2023-06-17 13:22:22', 129, 2),
(196, 145, 0.1, '2023-06-17 15:04:21', '2023-06-17 15:04:21', 130, 2),
(197, 173, 4500, '2023-06-17 15:04:22', '2023-06-17 15:04:22', 130, 1),
(198, 186, 4500, '2023-06-17 15:07:33', '2023-06-17 15:07:33', 131, 2),
(199, 50, 10000, '2023-06-17 15:07:33', '2023-06-17 15:07:33', 131, 2),
(200, 53, 5000, '2023-06-17 15:52:08', '2023-06-17 15:52:08', 132, 1),
(201, 133, 0, '2023-06-17 16:25:12', '2023-06-17 16:25:12', 133, 3),
(202, 187, 4500, '2023-06-17 16:25:12', '2023-06-17 16:25:12', 133, 1),
(203, 49, 12000, '2023-06-17 16:25:52', '2023-06-17 16:25:52', 134, 1),
(204, 145, 2500, '2023-06-17 18:17:41', '2023-06-17 18:17:41', 135, 6),
(205, 129, 5000, '2023-06-17 18:35:32', '2023-06-17 18:35:32', 136, 1),
(206, 125, 5000, '2023-06-17 18:35:32', '2023-06-17 18:35:32', 136, 1),
(207, 113, 5000, '2023-06-17 18:35:32', '2023-06-17 18:35:32', 136, 1),
(208, 110, 5000, '2023-06-17 19:08:29', '2023-06-17 19:08:29', 137, 1),
(209, 112, 5000, '2023-06-17 19:08:29', '2023-06-17 19:08:29', 137, 1),
(210, 182, 4500, '2023-06-18 13:44:37', '2023-06-18 13:44:37', 138, 1),
(211, 44, 10000, '2023-06-18 14:04:34', '2023-06-18 14:04:34', 139, 1),
(212, 119, 5000, '2023-06-18 14:17:56', '2023-06-18 14:17:56', 140, 5),
(213, 64, 0.1, '2023-06-18 14:17:56', '2023-06-18 14:17:56', 140, 1),
(214, 117, 5000, '2023-06-19 08:12:05', '2023-06-19 08:12:05', 141, 1),
(215, 112, 5000, '2023-06-19 10:26:13', '2023-06-19 10:26:13', 142, 11),
(216, 116, 5000, '2023-06-19 10:31:50', '2023-06-19 10:31:50', 143, 1),
(217, 117, 5000, '2023-06-19 10:33:43', '2023-06-19 10:33:43', 144, 1),
(218, 11, 55000, '2023-06-19 14:52:52', '2023-06-19 14:52:52', 145, 1),
(219, 117, 5000, '2023-06-19 14:52:52', '2023-06-19 14:52:52', 145, 1),
(220, 54, 5000, '2023-06-19 14:52:52', '2023-06-19 14:52:52', 145, 2),
(221, 54, 500, '2023-06-19 14:52:52', '2023-06-19 14:52:52', 145, 1),
(222, 63, 5000, '2023-06-19 14:52:52', '2023-06-19 14:52:52', 145, 2),
(223, 64, 0.1, '2023-06-19 14:54:40', '2023-06-19 14:54:40', 146, 3),
(224, 63, -0.1, '2023-06-19 14:55:30', '2023-06-19 14:55:30', 147, 1),
(225, 76, -0.1, '2023-06-19 14:59:41', '2023-06-19 14:59:41', 148, 5),
(226, 79, -0.1, '2023-06-19 14:59:41', '2023-06-19 14:59:41', 148, 1),
(227, 80, -0.2, '2023-06-19 14:59:41', '2023-06-19 14:59:41', 148, 4),
(228, 40, 10000, '2023-06-19 15:35:01', '2023-06-19 15:35:01', 149, 1),
(229, 41, 10000, '2023-06-19 15:35:01', '2023-06-19 15:35:01', 149, 1),
(230, 145, 0.1, '2023-06-19 15:54:35', '2023-06-19 15:54:35', 150, 2),
(231, 109, 30000, '2023-06-19 17:10:15', '2023-06-19 17:10:15', 151, 1),
(232, 110, 5000, '2023-06-20 07:37:45', '2023-06-20 07:37:45', 152, 1),
(233, 196, 5000, '2023-06-20 07:46:30', '2023-06-20 07:46:30', 153, 1),
(234, 5, 8, '2023-06-21 10:35:49', '2023-06-21 10:35:49', 154, 2),
(235, 112, 0.2, '2023-06-21 13:18:24', '2023-06-21 13:18:24', 155, 2),
(236, 110, -0.1, '2023-06-21 13:18:24', '2023-06-21 13:18:24', 155, 2),
(237, 113, -0.1, '2023-06-21 13:18:24', '2023-06-21 13:18:24', 155, 2),
(238, 212, 40000, '2023-06-21 14:16:48', '2023-06-21 14:16:48', 156, 1),
(239, 113, 5000, '2023-06-21 14:16:48', '2023-06-21 14:16:48', 156, 1),
(240, 176, 4500, '2023-06-21 14:16:48', '2023-06-21 14:16:48', 156, 3),
(241, 178, 4500, '2023-06-21 14:16:48', '2023-06-21 14:16:48', 156, 7),
(242, 175, 4500, '2023-06-21 14:16:48', '2023-06-21 14:16:48', 156, 5),
(243, 236, 3000, '2023-06-21 14:17:41', '2023-06-21 14:17:41', 157, 2),
(244, 59, 5000, '2023-06-21 15:21:41', '2023-06-21 15:21:41', 158, 24),
(245, 79, 5000, '2023-06-21 15:21:41', '2023-06-21 15:21:41', 158, 4),
(246, 68, 5000, '2023-06-21 15:24:20', '2023-06-21 15:24:20', 159, 2),
(247, 147, 4500, '2023-06-21 15:24:20', '2023-06-21 15:24:20', 159, 2),
(248, 43, 10000, '2023-06-21 15:24:20', '2023-06-21 15:24:20', 159, 1),
(249, 46, 12000, '2023-06-21 15:24:20', '2023-06-21 15:24:20', 159, 1),
(250, 113, 5000, '2023-06-21 15:26:05', '2023-06-21 15:26:05', 160, 2),
(251, 196, 5000, '2023-06-21 15:26:05', '2023-06-21 15:26:05', 160, 1),
(252, 96, 5000, '2023-06-21 15:26:05', '2023-06-21 15:26:05', 160, 1),
(253, 153, 4500, '2023-06-21 15:27:20', '2023-06-21 15:27:20', 161, 1),
(254, 151, 4500, '2023-06-21 15:27:20', '2023-06-21 15:27:20', 161, 2),
(255, 236, 3000, '2023-06-21 15:27:20', '2023-06-21 15:27:20', 161, 2),
(256, 236, 3000, '2023-06-21 16:02:51', '2023-06-21 16:02:51', 162, 1),
(257, 229, 5000, '2023-06-21 16:56:43', '2023-06-21 16:56:43', 163, 1),
(258, 41, 10000, '2023-06-21 16:56:43', '2023-06-21 16:56:43', 163, 1),
(259, 58, 5000, '2023-06-22 11:53:39', '2023-06-22 11:53:39', 164, 4),
(260, 207, 20000, '2023-06-22 12:26:27', '2023-06-22 12:26:27', 165, 1),
(261, 64, 5000, '2023-06-22 12:26:27', '2023-06-22 12:26:27', 165, 1),
(262, 11, 55000, '2023-06-22 13:30:38', '2023-06-22 13:30:38', 166, 1),
(263, 112, 5000, '2023-06-22 13:30:38', '2023-06-22 13:30:38', 166, 1),
(264, 164, 4500, '2023-06-22 13:30:38', '2023-06-22 13:30:38', 166, 1),
(265, 54, 5000, '2023-06-22 14:08:47', '2023-06-22 14:08:47', 167, 3),
(266, 175, 4500, '2023-06-22 14:29:07', '2023-06-22 14:29:07', 168, 1),
(267, 110, 5000, '2023-06-22 14:29:07', '2023-06-22 14:29:07', 168, 1),
(268, 114, 5000, '2023-06-22 15:08:38', '2023-06-22 15:08:38', 169, 5),
(269, 118, 5000, '2023-06-22 15:08:38', '2023-06-22 15:08:38', 169, 5),
(270, 235, 3000, '2023-06-22 15:08:38', '2023-06-22 15:08:38', 169, 2),
(271, 8, 85000, '2023-06-22 16:12:17', '2023-06-22 16:12:17', 170, 1),
(272, 145, 2500, '2023-06-22 16:12:17', '2023-06-22 16:12:17', 170, 1),
(273, 234, 5000, '2023-06-22 16:12:33', '2023-06-22 16:12:33', 171, 1),
(274, 112, 5000, '2023-06-22 17:07:37', '2023-06-22 17:07:37', 172, 1),
(275, 116, 5000, '2023-06-22 17:07:37', '2023-06-22 17:07:37', 172, 1),
(276, 203, 15000, '2023-06-23 10:29:32', '2023-06-23 10:29:32', 173, 1),
(277, 145, 2500, '2023-06-23 10:30:03', '2023-06-23 10:30:03', 174, 1),
(278, 240, 5000, '2023-06-23 10:42:46', '2023-06-23 10:42:46', 175, 1),
(279, 54, 5000, '2023-06-23 12:46:10', '2023-06-23 12:46:10', 176, 14),
(280, 226, 3000, '2023-06-23 12:46:10', '2023-06-23 12:46:10', 176, 2),
(281, 124, 10000, '2023-06-23 12:47:29', '2023-06-23 12:47:29', 177, 2),
(282, 119, 5000, '2023-06-23 12:47:54', '2023-06-23 12:47:54', 178, 3),
(283, 207, 20000, '2023-06-23 13:39:30', '2023-06-23 13:39:30', 179, 1),
(284, 212, 40000, '2023-06-23 13:39:30', '2023-06-23 13:39:30', 179, 1),
(285, 145, 2000, '2023-06-23 14:45:16', '2023-06-23 14:45:16', 180, 33),
(286, 127, 5000, '2023-06-23 17:34:22', '2023-06-23 17:34:22', 181, 2),
(287, 112, 5000, '2023-06-23 17:34:22', '2023-06-23 17:34:22', 181, 1),
(288, 39, 1000, '2023-06-23 17:34:22', '2023-06-23 17:34:22', 181, 2),
(289, 145, 2500, '2023-06-24 10:26:35', '2023-06-24 10:26:35', 182, 2),
(290, 145, 2500, '2023-06-24 10:26:35', '2023-06-24 10:26:35', 182, 1),
(291, 212, 40000, '2023-06-24 10:26:35', '2023-06-24 10:26:35', 182, 1),
(292, 112, 5000, '2023-06-24 10:26:35', '2023-06-24 10:26:35', 182, 1),
(293, 231, 3000, '2023-06-24 10:28:04', '2023-06-24 10:28:04', 183, 1),
(294, 230, 3000, '2023-06-24 10:28:04', '2023-06-24 10:28:04', 183, 1),
(295, 79, 5000, '2023-06-24 12:26:38', '2023-06-24 12:26:38', 184, 1),
(296, 168, 4500, '2023-06-24 12:26:38', '2023-06-24 12:26:38', 184, 1),
(297, 141, 5000, '2023-06-24 13:07:17', '2023-06-24 13:07:17', 185, 1),
(298, 151, 4500, '2023-06-24 13:25:24', '2023-06-24 13:25:24', 186, 1),
(299, 166, 4500, '2023-06-24 16:08:38', '2023-06-24 16:08:38', 187, 2),
(300, 11, 50000, '2023-06-24 16:23:40', '2023-06-24 16:23:40', 188, 1),
(301, 164, 4500, '2023-06-24 16:23:40', '2023-06-24 16:23:40', 188, 1),
(302, 110, 5000, '2023-06-24 16:46:14', '2023-06-24 16:46:14', 189, 1),
(303, 123, 5000, '2023-06-24 18:19:15', '2023-06-24 18:19:15', 190, 3),
(304, 116, 5000, '2023-06-24 18:58:43', '2023-06-24 18:58:43', 191, 1),
(305, 42, 10000, '2023-06-25 09:25:58', '2023-06-25 09:25:58', 192, 4),
(306, 38, 10000, '2023-06-25 09:25:58', '2023-06-25 09:25:58', 192, 2),
(307, 157, 4500, '2023-06-25 09:51:03', '2023-06-25 09:51:03', 193, 1),
(308, 158, 4500, '2023-06-25 09:51:03', '2023-06-25 09:51:03', 193, 1),
(309, 145, 2500, '2023-06-25 09:55:10', '2023-06-25 09:55:10', 194, 2),
(310, 192, 5000, '2023-06-25 11:17:35', '2023-06-25 11:17:35', 195, 3),
(311, 193, 5000, '2023-06-25 11:17:35', '2023-06-25 11:17:35', 195, 1),
(312, 151, 4500, '2023-06-25 11:31:15', '2023-06-25 11:31:15', 196, 1),
(313, 48, 12000, '2023-06-25 15:35:39', '2023-06-25 15:35:39', 197, 1),
(314, 226, 3000, '2023-06-25 16:21:45', '2023-06-25 16:21:45', 198, 1),
(315, 122, 5000, '2023-06-25 17:53:18', '2023-06-25 17:53:18', 199, 1),
(316, 208, 35000, '2023-06-25 17:53:19', '2023-06-25 17:53:19', 199, 1),
(317, 43, 10000, '2023-06-25 18:15:59', '2023-06-25 18:15:59', 200, 1),
(318, 174, 4500, '2023-06-25 18:25:51', '2023-06-25 18:25:51', 201, 1),
(319, 38, 10000, '2023-06-26 13:01:09', '2023-06-26 13:01:09', 202, 2),
(320, 58, 5000, '2023-06-26 13:01:09', '2023-06-26 13:01:09', 202, 5),
(321, 212, 45000, '2023-06-26 13:01:09', '2023-06-26 13:01:09', 202, 1),
(322, 209, 35000, '2023-06-26 13:01:09', '2023-06-26 13:01:09', 202, 1),
(323, 113, 5000, '2023-06-26 13:01:09', '2023-06-26 13:01:09', 202, 2),
(324, 117, 5000, '2023-06-26 13:01:10', '2023-06-26 13:01:10', 202, 1),
(325, 174, 4500, '2023-06-26 13:01:10', '2023-06-26 13:01:10', 202, 1),
(326, 186, 4500, '2023-06-26 13:01:10', '2023-06-26 13:01:10', 202, 1),
(327, 171, 4500, '2023-06-26 13:01:10', '2023-06-26 13:01:10', 202, 1),
(328, 55, 5000, '2023-06-26 13:01:10', '2023-06-26 13:01:10', 202, 1),
(329, 59, 5000, '2023-06-26 13:01:10', '2023-06-26 13:01:10', 202, 1),
(330, 147, 4500, '2023-06-26 16:10:43', '2023-06-26 16:10:43', 203, 1),
(331, 37, 16000, '2023-06-27 12:59:19', '2023-06-27 12:59:19', 204, 1),
(332, 216, 9000, '2023-06-27 12:59:19', '2023-06-27 12:59:19', 204, 1),
(333, 218, 9000, '2023-06-27 12:59:19', '2023-06-27 12:59:19', 204, 1),
(334, 212, 45000, '2023-06-27 12:59:19', '2023-06-27 12:59:19', 204, 1),
(335, 59, 5000, '2023-06-27 12:59:19', '2023-06-27 12:59:19', 204, 1),
(336, 151, 4500, '2023-06-27 12:59:19', '2023-06-27 12:59:19', 204, 1),
(337, 79, 5000, '2023-06-27 12:59:19', '2023-06-27 12:59:19', 204, 2),
(338, 109, 30000, '2023-06-27 12:59:19', '2023-06-27 12:59:19', 204, 1),
(339, 220, 15000, '2023-06-27 12:59:19', '2023-06-27 12:59:19', 204, 1),
(340, 46, 12000, '2023-06-27 14:41:18', '2023-06-27 14:41:18', 205, 1),
(341, 50, 10000, '2023-06-27 14:41:18', '2023-06-27 14:41:18', 205, 1),
(342, 77, 5000, '2023-06-27 14:41:18', '2023-06-27 14:41:18', 205, 1),
(343, 118, 5000, '2023-06-27 14:41:18', '2023-06-27 14:41:18', 205, 1),
(344, 114, 5000, '2023-06-27 14:41:18', '2023-06-27 14:41:18', 205, 1),
(345, 191, 5000, '2023-06-27 14:41:18', '2023-06-27 14:41:18', 205, 1),
(346, 100, 4500, '2023-06-27 16:54:32', '2023-06-27 16:54:32', 206, 1),
(347, 79, 5000, '2023-06-27 18:56:01', '2023-06-27 18:56:01', 207, 2),
(348, 115, 5000, '2023-06-27 19:01:09', '2023-06-27 19:01:09', 208, 1),
(349, 212, 40000, '2023-06-27 19:23:24', '2023-06-27 19:23:24', 209, 1),
(350, 145, 2500, '2023-06-27 19:23:24', '2023-06-27 19:23:24', 209, 3),
(351, 115, 5000, '2023-06-27 19:23:24', '2023-06-27 19:23:24', 209, 1),
(352, 164, 5000, '2023-06-27 19:23:24', '2023-06-27 19:23:24', 209, 1),
(353, 110, 5000, '2023-06-27 19:23:24', '2023-06-27 19:23:24', 209, 1),
(354, 190, 5000, '2023-06-27 19:23:24', '2023-06-27 19:23:24', 209, 1),
(355, 201, 15000, '2023-06-27 19:23:24', '2023-06-27 19:23:24', 209, 1),
(356, 12, 35000, '2023-06-27 19:23:24', '2023-06-27 19:23:24', 209, 1),
(357, 207, 20000, '2023-06-27 19:23:24', '2023-06-27 19:23:24', 209, 1),
(358, 12, 35000, '2023-06-27 19:26:01', '2023-06-27 19:26:01', 210, 1),
(359, 54, 5000, '2023-06-30 13:43:11', '2023-06-30 13:43:11', 211, 2),
(360, 52, 5000, '2023-06-30 13:43:11', '2023-06-30 13:43:11', 211, 1),
(361, 190, 5000, '2023-06-30 13:43:11', '2023-06-30 13:43:11', 211, 1),
(362, 110, 5000, '2023-06-30 13:43:11', '2023-06-30 13:43:11', 211, 1),
(363, 203, 15000, '2023-06-30 13:43:11', '2023-06-30 13:43:11', 211, 1),
(364, 207, 20000, '2023-06-30 13:43:11', '2023-06-30 13:43:11', 211, 1),
(365, 63, 5000, '2023-06-30 13:43:11', '2023-06-30 13:43:11', 211, 1),
(366, 167, 5000, '2023-06-30 13:43:11', '2023-06-30 13:43:11', 211, 1),
(367, 174, 4500, '2023-06-30 13:43:11', '2023-06-30 13:43:11', 211, 1),
(368, 124, 5000, '2023-06-30 13:43:11', '2023-06-30 13:43:11', 211, 1),
(369, 123, 10000, '2023-06-30 13:43:11', '2023-06-30 13:43:11', 211, 2),
(370, 77, 5000, '2023-06-30 13:43:11', '2023-06-30 13:43:11', 211, 6),
(371, 58, 5000, '2023-06-30 13:43:11', '2023-06-30 13:43:11', 211, 7),
(372, 59, 5000, '2023-06-30 13:43:11', '2023-06-30 13:43:11', 211, 7),
(373, 60, 5000, '2023-06-30 13:43:11', '2023-06-30 13:43:11', 211, 2),
(374, 187, 4500, '2023-06-30 13:43:11', '2023-06-30 13:43:11', 211, 1),
(375, 92, 5000, '2023-06-30 13:43:11', '2023-06-30 13:43:11', 211, 1),
(376, 90, 5000, '2023-06-30 13:43:11', '2023-06-30 13:43:11', 211, 1),
(377, 93, 5000, '2023-06-30 13:43:11', '2023-06-30 13:43:11', 211, 1),
(378, 28, 45000, '2023-06-30 13:43:11', '2023-06-30 13:43:11', 211, 1),
(379, 16, 45000, '2023-06-30 13:43:11', '2023-06-30 13:43:11', 211, 1),
(380, 145, 2500, '2023-06-30 13:43:11', '2023-06-30 13:43:11', 211, 1),
(381, 42, 12000, '2023-06-30 13:43:11', '2023-06-30 13:43:11', 211, 1),
(382, 78, 5000, '2023-06-30 16:18:21', '2023-06-30 16:18:21', 212, 2),
(383, 128, 5000, '2023-06-30 16:18:21', '2023-06-30 16:18:21', 212, 1),
(384, 154, 5000, '2023-06-30 16:18:21', '2023-06-30 16:18:21', 212, 1),
(385, 115, 5000, '2023-06-30 16:18:21', '2023-06-30 16:18:21', 212, 2),
(386, 236, 3000, '2023-06-30 16:19:10', '2023-06-30 16:19:10', 213, 5),
(387, 237, 3000, '2023-06-30 16:20:48', '2023-06-30 16:20:48', 214, 1),
(388, 64, 5000, '2023-06-30 16:39:28', '2023-06-30 16:39:28', 215, 2),
(389, 59, 5000, '2023-06-30 16:39:28', '2023-06-30 16:39:28', 215, 1),
(390, 190, 5000, '2023-06-30 18:02:42', '2023-06-30 18:02:42', 216, 1),
(391, 190, 5000, '2023-06-30 18:02:42', '2023-06-30 18:02:42', 216, 1),
(392, 171, 4500, '2023-06-30 18:02:42', '2023-06-30 18:02:42', 216, 2),
(393, 167, 4500, '2023-06-30 18:02:42', '2023-06-30 18:02:42', 216, 2),
(394, 48, 10000, '2023-06-30 18:26:30', '2023-06-30 18:26:30', 217, 1),
(395, 48, 10000, '2023-06-30 18:27:15', '2023-06-30 18:27:15', 218, 2),
(396, 193, 5000, '2023-06-30 18:46:43', '2023-06-30 18:46:43', 219, 3),
(397, 226, 4000, '2023-07-01 10:11:29', '2023-07-01 10:11:29', 220, 6),
(398, 234, 4000, '2023-07-01 10:11:29', '2023-07-01 10:11:29', 220, 1),
(399, 235, 4000, '2023-07-01 10:11:29', '2023-07-01 10:11:29', 220, 6),
(400, 242, 4000, '2023-07-01 10:11:29', '2023-07-01 10:11:29', 220, 1),
(401, 245, 4000, '2023-07-01 10:11:29', '2023-07-01 10:11:29', 220, 1),
(402, 255, 4000, '2023-07-01 10:11:29', '2023-07-01 10:11:29', 220, 2),
(403, 256, 4000, '2023-07-01 10:11:29', '2023-07-01 10:11:29', 220, 1),
(404, 258, 4000, '2023-07-01 10:11:29', '2023-07-01 10:11:29', 220, 2),
(405, 262, 5000, '2023-07-01 10:11:29', '2023-07-01 10:11:29', 220, 1),
(406, 50, 10000, '2023-07-01 10:13:48', '2023-07-01 10:13:48', 221, 1),
(407, 254, 4000, '2023-07-01 12:38:39', '2023-07-01 12:38:39', 222, 1),
(408, 123, 5000, '2023-07-01 12:38:39', '2023-07-01 12:38:39', 222, 2),
(409, 256, 4000, '2023-07-01 13:21:20', '2023-07-01 13:21:20', 223, 1),
(410, 246, 4000, '2023-07-01 15:28:20', '2023-07-01 15:28:20', 224, 1),
(411, 254, 4000, '2023-07-01 15:28:20', '2023-07-01 15:28:20', 224, 1),
(412, 246, 4000, '2023-07-01 15:28:20', '2023-07-01 15:28:20', 224, 1),
(413, 119, 5000, '2023-07-01 17:12:27', '2023-07-01 17:12:27', 225, 3),
(414, 50, 10000, '2023-07-01 17:12:27', '2023-07-01 17:12:27', 225, 1),
(415, 207, 20000, '2023-07-01 17:31:59', '2023-07-01 17:31:59', 226, 1),
(416, 64, 5000, '2023-07-02 13:38:38', '2023-07-02 13:38:38', 227, 2),
(417, 43, 10000, '2023-07-02 13:38:38', '2023-07-02 13:38:38', 227, 3),
(418, 207, 20000, '2023-07-02 14:54:35', '2023-07-02 14:54:35', 228, 1),
(419, 124, 5000, '2023-07-03 11:15:43', '2023-07-03 11:15:43', 229, 2),
(420, 92, 5000, '2023-07-03 11:15:43', '2023-07-03 11:15:43', 229, 1),
(421, 148, 4500, '2023-07-03 11:15:43', '2023-07-03 11:15:43', 229, 1),
(422, 150, 4500, '2023-07-03 11:15:43', '2023-07-03 11:15:43', 229, 1),
(423, 208, 35000, '2023-07-03 15:33:15', '2023-07-03 15:33:15', 230, 1),
(424, 64, 5000, '2023-07-03 15:33:15', '2023-07-03 15:33:15', 230, 1),
(425, 171, 4500, '2023-07-03 15:33:15', '2023-07-03 15:33:15', 230, 1),
(426, 41, 10000, '2023-07-03 15:33:15', '2023-07-03 15:33:15', 230, 1),
(427, 50, 10000, '2023-07-03 15:33:15', '2023-07-03 15:33:15', 230, 1),
(428, 40, 10000, '2023-07-03 15:33:15', '2023-07-03 15:33:15', 230, 1),
(429, 159, 4500, '2023-07-03 15:33:15', '2023-07-03 15:33:15', 230, 2),
(430, 147, 4500, '2023-07-03 15:33:15', '2023-07-03 15:33:15', 230, 1),
(431, 236, 3000, '2023-07-03 15:33:15', '2023-07-03 15:33:15', 230, 1),
(432, 77, 5000, '2023-07-03 16:18:37', '2023-07-03 16:18:37', 231, 2),
(433, 40, 10000, '2023-07-03 16:18:37', '2023-07-03 16:18:37', 231, 1),
(434, 14, 35000, '2023-07-03 16:58:13', '2023-07-03 16:58:13', 232, 1),
(435, 39, 10000, '2023-07-03 16:58:13', '2023-07-03 16:58:13', 232, 2),
(436, 36, 35000, '2023-07-03 16:58:13', '2023-07-03 16:58:13', 232, 1),
(437, 171, 4500, '2023-07-03 16:58:13', '2023-07-03 16:58:13', 232, 3),
(438, 49, 12000, '2023-07-03 17:03:52', '2023-07-03 17:03:52', 233, 1),
(439, 145, 2500, '2023-07-03 18:03:34', '2023-07-03 18:03:34', 234, 4),
(440, 124, 5000, '2023-07-05 15:42:51', '2023-07-05 15:42:51', 235, 2),
(441, 135, 5000, '2023-07-05 15:42:51', '2023-07-05 15:42:51', 235, 2),
(442, 57, 5000, '2023-07-05 15:44:20', '2023-07-05 15:44:20', 236, 12),
(443, 54, 5000, '2023-07-05 18:10:43', '2023-07-05 18:10:43', 237, 10),
(444, 7, 60000, '2023-07-05 18:10:43', '2023-07-05 18:10:43', 237, 1),
(445, 42, 12000, '2023-07-05 18:10:43', '2023-07-05 18:10:43', 237, 1),
(446, 136, 5000, '2023-07-05 18:10:43', '2023-07-05 18:10:43', 237, 2),
(447, 98, 5000, '2023-07-05 18:10:43', '2023-07-05 18:10:43', 237, 4),
(448, 92, 5000, '2023-07-05 18:10:43', '2023-07-05 18:10:43', 237, 2),
(449, 226, 3000, '2023-07-05 18:10:43', '2023-07-05 18:10:43', 237, 6),
(450, 220, 15000, '2023-07-05 18:10:43', '2023-07-05 18:10:43', 237, 4),
(451, 261, 5000, '2023-07-05 18:10:43', '2023-07-05 18:10:43', 237, 1),
(452, 112, 5000, '2023-07-05 18:10:43', '2023-07-05 18:10:43', 237, 1),
(453, 141, 5000, '2023-07-05 18:10:44', '2023-07-05 18:10:44', 237, 1),
(454, 255, 5000, '2023-07-05 18:10:44', '2023-07-05 18:10:44', 237, 1),
(455, 145, 5000, '2023-07-05 18:10:44', '2023-07-05 18:10:44', 237, 2),
(456, 77, 5000, '2023-07-05 18:10:44', '2023-07-05 18:10:44', 237, 1),
(457, 43, 10000, '2023-07-06 16:07:44', '2023-07-06 16:07:44', 238, 1),
(458, 48, 12000, '2023-07-06 16:07:44', '2023-07-06 16:07:44', 238, 1),
(459, 42, 10000, '2023-07-06 16:07:44', '2023-07-06 16:07:44', 238, 1),
(460, 40, 10000, '2023-07-06 16:07:44', '2023-07-06 16:07:44', 238, 1),
(461, 12, 35000, '2023-07-06 16:55:07', '2023-07-06 16:55:07', 239, 1),
(462, 236, 3000, '2023-07-06 16:55:07', '2023-07-06 16:55:07', 239, 2),
(463, 64, 5000, '2023-07-06 17:35:41', '2023-07-06 17:35:41', 240, 3),
(464, 243, 4000, '2023-07-06 17:35:41', '2023-07-06 17:35:41', 240, 1),
(465, 197, 5000, '2023-07-06 18:03:49', '2023-07-06 18:03:49', 241, 10),
(466, 200, 5000, '2023-07-06 18:03:49', '2023-07-06 18:03:49', 241, 10),
(467, 250, 5000, '2023-07-06 18:03:49', '2023-07-06 18:03:49', 241, 2),
(468, 216, 9000, '2023-07-06 18:05:37', '2023-07-06 18:05:37', 242, 7),
(469, 218, 9000, '2023-07-06 18:05:37', '2023-07-06 18:05:37', 242, 7),
(473, 38, 10000, '2023-07-07 15:38:54', '2023-07-07 15:38:54', 245, 1),
(474, 49, 12000, '2023-07-07 15:38:54', '2023-07-07 15:38:54', 245, 2),
(484, 142, 5000, '2023-07-07 18:39:26', '2023-07-07 18:39:26', 250, 1),
(485, 115, 5000, '2023-07-07 18:39:26', '2023-07-07 18:39:26', 250, 1),
(486, 190, 5000, '2023-07-07 18:39:26', '2023-07-07 18:39:26', 250, 1),
(487, 110, 5000, '2023-07-07 18:39:48', '2023-07-07 18:39:48', 251, 7),
(488, 141, 5000, '2023-07-07 18:39:48', '2023-07-07 18:39:48', 251, 2),
(489, 77, 5000, '2023-07-07 18:40:08', '2023-07-07 18:40:08', 252, 8),
(490, 235, 3000, '2023-07-07 18:42:02', '2023-07-07 18:42:02', 253, 2),
(491, 236, 3000, '2023-07-07 18:42:02', '2023-07-07 18:42:02', 253, 2),
(492, 256, 4000, '2023-07-07 18:42:02', '2023-07-07 18:42:02', 253, 1),
(493, 219, 10000, '2023-07-07 18:42:02', '2023-07-07 18:42:02', 253, 3),
(494, 55, 5000, '2023-07-07 18:57:33', '2023-07-07 18:57:33', 254, 3),
(495, 60, 5000, '2023-07-07 18:57:33', '2023-07-07 18:57:33', 254, 3),
(496, 228, 3000, '2023-07-07 18:57:33', '2023-07-07 18:57:33', 254, 2),
(497, 167, 4500, '2023-07-07 18:57:33', '2023-07-07 18:57:33', 254, 1),
(498, 166, 4500, '2023-07-07 18:57:33', '2023-07-07 18:57:33', 254, 2),
(499, 170, 4500, '2023-07-07 18:57:33', '2023-07-07 18:57:33', 254, 3),
(500, 119, 5000, '2023-07-07 18:57:33', '2023-07-07 18:57:33', 254, 2),
(501, 63, 5000, '2023-07-07 18:57:33', '2023-07-07 18:57:33', 254, 1),
(502, 169, 4500, '2023-07-07 18:57:33', '2023-07-07 18:57:33', 254, 1),
(503, 68, 5000, '2023-07-07 18:57:33', '2023-07-07 18:57:33', 254, 3),
(504, 69, 5000, '2023-07-07 18:57:33', '2023-07-07 18:57:33', 254, 1),
(505, 39, 10000, '2023-07-07 18:57:33', '2023-07-07 18:57:33', 254, 1),
(506, 211, 20000, '2023-07-07 18:57:33', '2023-07-07 18:57:33', 254, 2),
(507, 112, 5000, '2023-07-07 18:57:33', '2023-07-07 18:57:33', 254, 1),
(508, 145, 2500, '2023-07-07 18:57:33', '2023-07-07 18:57:33', 254, 1),
(509, 209, 35000, '2023-07-07 18:57:33', '2023-07-07 18:57:33', 254, 1),
(510, 217, 9000, '2023-07-08 08:59:44', '2023-07-08 08:59:44', 255, 6),
(511, 201, 15000, '2023-07-08 10:01:48', '2023-07-08 10:01:48', 256, 1),
(512, 64, 5000, '2023-07-08 14:00:12', '2023-07-08 14:00:12', 257, 2),
(513, 212, 40000, '2023-07-08 14:00:36', '2023-07-08 14:00:36', 258, 1),
(514, 108, 500, '2023-07-08 17:34:55', '2023-07-08 17:34:55', 259, 11),
(515, 107, 500, '2023-07-08 17:34:55', '2023-07-08 17:34:55', 259, 10),
(516, 230, 300, '2023-07-08 17:37:24', '2023-07-08 17:37:24', 260, 3),
(517, 231, 300, '2023-07-08 17:37:24', '2023-07-08 17:37:24', 260, 2),
(518, 226, 3000, '2023-07-08 19:57:15', '2023-07-08 19:57:15', 261, 6),
(519, 212, 40000, '2023-07-08 19:57:15', '2023-07-08 19:57:15', 261, 1),
(520, 115, 5000, '2023-07-08 19:57:15', '2023-07-08 19:57:15', 261, 1),
(521, 242, 4000, '2023-07-08 19:57:15', '2023-07-08 19:57:15', 261, 1),
(522, 141, 5000, '2023-07-08 19:57:15', '2023-07-08 19:57:15', 261, 1),
(523, 211, 20000, '2023-07-08 19:57:15', '2023-07-08 19:57:15', 261, 1),
(524, 145, 2500, '2023-07-08 19:57:15', '2023-07-08 19:57:15', 261, 1),
(525, 43, 10000, '2023-07-08 19:57:15', '2023-07-08 19:57:15', 261, 1),
(526, 124, 5000, '2023-07-09 13:17:16', '2023-07-09 13:17:16', 262, 1),
(527, 50, 10000, '2023-07-09 13:17:59', '2023-07-09 13:17:59', 263, 1),
(528, 60, 1000, '2023-07-09 17:53:49', '2023-07-09 17:53:49', 264, 5),
(529, 129, 5000, '2023-07-09 18:09:16', '2023-07-09 18:09:16', 265, 1),
(530, 50, 10000, '2023-07-09 19:21:21', '2023-07-09 19:21:21', 266, 1),
(531, 39, 10000, '2023-07-09 19:21:21', '2023-07-09 19:21:21', 266, 1),
(532, 235, 3000, '2023-07-09 19:21:21', '2023-07-09 19:21:21', 266, 1),
(533, 42, 10000, '2023-07-10 15:09:09', '2023-07-10 15:09:09', 267, 1),
(534, 59, 1000, '2023-07-10 15:09:29', '2023-07-10 15:09:29', 268, 8),
(535, 145, 500, '2023-07-10 17:35:59', '2023-07-10 17:35:59', 269, 12),
(536, 77, 500, '2023-07-10 17:54:53', '2023-07-10 17:54:53', 270, 2),
(537, 167, 500, '2023-07-10 17:54:53', '2023-07-10 17:54:53', 270, 2),
(538, 171, 500, '2023-07-10 17:54:53', '2023-07-10 17:54:53', 270, 2),
(539, 166, 500, '2023-07-10 17:54:53', '2023-07-10 17:54:53', 270, 4),
(540, 128, 5000, '2023-07-10 18:56:33', '2023-07-10 18:56:33', 271, 1),
(541, 144, 5000, '2023-07-10 18:56:33', '2023-07-10 18:56:33', 271, 1),
(542, 78, 5000, '2023-07-10 18:56:33', '2023-07-10 18:56:33', 271, 2),
(543, 209, 30000, '2023-07-10 18:56:33', '2023-07-10 18:56:33', 271, 1),
(544, 68, 5000, '2023-07-10 18:56:33', '2023-07-10 18:56:33', 271, 1),
(545, 22, 120000, '2023-07-10 18:56:33', '2023-07-10 18:56:33', 271, 1),
(546, 15, 12000, '2023-07-10 18:56:33', '2023-07-10 18:56:33', 271, 1),
(547, 219, 10000, '2023-07-10 18:56:33', '2023-07-10 18:56:33', 271, 2),
(548, 55, 2500, '2023-07-10 18:56:33', '2023-07-10 18:56:33', 271, 7),
(549, 227, 3000, '2023-07-10 18:56:33', '2023-07-10 18:56:33', 271, 1),
(550, 207, 20000, '2023-07-10 18:56:33', '2023-07-10 18:56:33', 271, 1),
(551, 81, 1000, '2023-07-12 14:32:23', '2023-07-12 14:32:23', 272, 6),
(552, 242, 1000, '2023-07-12 14:32:23', '2023-07-12 14:32:23', 272, 4),
(553, 255, 1000, '2023-07-12 14:32:23', '2023-07-12 14:32:23', 272, 1),
(554, 50, 1000, '2023-07-12 14:32:23', '2023-07-12 14:32:23', 272, 1),
(555, 145, 2500, '2023-07-12 19:07:10', '2023-07-12 19:07:10', 273, 12),
(556, 38, 10000, '2023-07-12 19:07:10', '2023-07-12 19:07:10', 273, 1),
(557, 170, 5000, '2023-07-12 19:07:10', '2023-07-12 19:07:10', 273, 1),
(558, 171, 4500, '2023-07-12 19:07:10', '2023-07-12 19:07:10', 273, 1),
(559, 77, 5000, '2023-07-12 19:07:10', '2023-07-12 19:07:10', 273, 1),
(560, 129, 5000, '2023-07-12 19:07:10', '2023-07-12 19:07:10', 273, 1),
(561, 226, 3000, '2023-07-12 19:07:10', '2023-07-12 19:07:10', 273, 1),
(562, 42, 5000, '2023-07-12 19:07:10', '2023-07-12 19:07:10', 273, 2),
(563, 191, 5000, '2023-07-12 19:07:10', '2023-07-12 19:07:10', 273, 1),
(564, 155, 5000, '2023-07-12 19:07:10', '2023-07-12 19:07:10', 273, 6),
(565, 193, 5000, '2023-07-12 19:07:10', '2023-07-12 19:07:10', 273, 6),
(566, 192, 5000, '2023-07-12 19:07:10', '2023-07-12 19:07:10', 273, 4),
(567, 139, 5000, '2023-07-12 19:07:10', '2023-07-12 19:07:10', 273, 3),
(568, 207, 20000, '2023-07-12 19:07:10', '2023-07-12 19:07:10', 273, 1),
(569, 147, 1000, '2023-07-13 12:35:06', '2023-07-13 12:35:06', 274, 3),
(570, 176, 1000, '2023-07-13 12:35:06', '2023-07-13 12:35:06', 274, 1),
(571, 204, 1000, '2023-07-13 12:35:06', '2023-07-13 12:35:06', 274, 1),
(572, 236, 1000, '2023-07-13 12:35:06', '2023-07-13 12:35:06', 274, 1),
(573, 235, 1000, '2023-07-13 12:35:07', '2023-07-13 12:35:07', 274, 1),
(574, 58, 5000, '2023-07-13 18:24:43', '2023-07-13 18:24:43', 275, 8),
(575, 224, 5000, '2023-07-13 18:24:43', '2023-07-13 18:24:43', 275, 1),
(576, 252, 4000, '2023-07-13 18:24:43', '2023-07-13 18:24:43', 275, 2),
(577, 117, 5000, '2023-07-13 18:24:43', '2023-07-13 18:24:43', 275, 2),
(578, 142, 5000, '2023-07-13 18:24:43', '2023-07-13 18:24:43', 275, 1),
(579, 153, 4500, '2023-07-13 18:24:43', '2023-07-13 18:24:43', 275, 4),
(580, 128, 5000, '2023-07-13 18:24:43', '2023-07-13 18:24:43', 275, 1),
(581, 229, 5000, '2023-07-13 18:24:43', '2023-07-13 18:24:43', 275, 2),
(582, 178, 4500, '2023-07-13 18:24:43', '2023-07-13 18:24:43', 275, 5),
(583, 192, 5000, '2023-07-14 19:05:24', '2023-07-14 19:05:24', 276, 1),
(584, 147, 4500, '2023-07-14 19:05:24', '2023-07-14 19:05:24', 276, 1),
(585, 112, 5000, '2023-07-14 19:05:24', '2023-07-14 19:05:24', 276, 1),
(586, 64, 5000, '2023-07-14 19:05:24', '2023-07-14 19:05:24', 276, 2),
(587, 209, 30000, '2023-07-14 19:05:24', '2023-07-14 19:05:24', 276, 1),
(588, 191, 5000, '2023-07-14 19:05:24', '2023-07-14 19:05:24', 276, 1),
(589, 261, 5000, '2023-07-14 19:05:24', '2023-07-14 19:05:24', 276, 2),
(590, 237, 3000, '2023-07-14 19:05:24', '2023-07-14 19:05:24', 276, 1),
(591, 170, 4500, '2023-07-14 19:05:24', '2023-07-14 19:05:24', 276, 1),
(592, 124, 500, '2023-07-14 19:05:24', '2023-07-14 19:05:24', 276, 1),
(593, 179, 450, '2023-07-14 19:05:24', '2023-07-14 19:05:24', 276, 1),
(594, 141, 500, '2023-07-14 19:05:24', '2023-07-14 19:05:24', 276, 2),
(595, 241, 350, '2023-07-15 19:48:09', '2023-07-15 19:48:09', 277, 2),
(596, 226, 3000, '2023-07-15 19:48:09', '2023-07-15 19:48:09', 277, 2),
(597, 247, 3000, '2023-07-15 19:48:09', '2023-07-15 19:48:09', 277, 2),
(598, 256, 400, '2023-07-15 19:48:09', '2023-07-15 19:48:09', 277, 3),
(599, 119, 5000, '2023-07-15 19:48:09', '2023-07-15 19:48:09', 277, 6),
(600, 12, 35000, '2023-07-15 19:48:09', '2023-07-15 19:48:09', 277, 1),
(601, 201, 15000, '2023-07-15 19:48:09', '2023-07-15 19:48:09', 277, 1),
(602, 145, 2000, '2023-07-15 19:48:09', '2023-07-15 19:48:09', 277, 3),
(603, 95, 500, '2023-07-15 19:48:09', '2023-07-15 19:48:09', 277, 2),
(604, 80, 500, '2023-07-15 19:48:09', '2023-07-15 19:48:09', 277, 1),
(605, 58, 5000, '2023-07-15 19:48:09', '2023-07-15 19:48:09', 277, 2),
(606, 113, 500, '2023-07-15 19:48:09', '2023-07-15 19:48:09', 277, 4),
(607, 264, 4500, '2023-07-15 19:48:09', '2023-07-15 19:48:09', 277, 1),
(608, 149, 4500, '2023-07-15 19:48:09', '2023-07-15 19:48:09', 277, 1),
(609, 151, 4500, '2023-07-15 19:48:09', '2023-07-15 19:48:09', 277, 1),
(610, 125, 500, '2023-07-15 19:48:10', '2023-07-15 19:48:10', 277, 1),
(611, 63, 5000, '2023-07-16 19:28:53', '2023-07-16 19:28:53', 278, 1),
(612, 226, 3000, '2023-07-16 19:28:53', '2023-07-16 19:28:53', 278, 1),
(613, 113, 5000, '2023-07-16 19:28:53', '2023-07-16 19:28:53', 278, 2),
(614, 115, 500, '2023-07-16 19:28:53', '2023-07-16 19:28:53', 278, 1),
(615, 12, 35000, '2023-07-16 19:28:53', '2023-07-16 19:28:53', 278, 1),
(616, 164, 4500, '2023-07-16 19:28:53', '2023-07-16 19:28:53', 278, 1),
(617, 175, 4500, '2023-07-16 19:28:53', '2023-07-16 19:28:53', 278, 1),
(618, 121, 500, '2023-07-16 19:28:53', '2023-07-16 19:28:53', 278, 1),
(619, 258, 400, '2023-07-16 19:28:53', '2023-07-16 19:28:53', 278, 3),
(620, 257, 400, '2023-07-16 19:28:53', '2023-07-16 19:28:53', 278, 2),
(621, 255, 400, '2023-07-16 19:28:53', '2023-07-16 19:28:53', 278, 1),
(622, 254, 400, '2023-07-16 19:28:53', '2023-07-16 19:28:53', 278, 1),
(623, 39, 1000, '2023-07-17 18:58:45', '2023-07-17 18:58:45', 279, 4),
(624, 59, 5000, '2023-07-17 18:58:45', '2023-07-17 18:58:45', 279, 1),
(625, 58, 5000, '2023-07-17 18:58:45', '2023-07-17 18:58:45', 279, 2),
(626, 118, 5000, '2023-07-17 18:58:45', '2023-07-17 18:58:45', 279, 4),
(627, 178, 4500, '2023-07-17 18:58:45', '2023-07-17 18:58:45', 279, 2),
(628, 253, 3000, '2023-07-17 18:58:45', '2023-07-17 18:58:45', 279, 3),
(629, 41, 1000, '2023-07-17 18:58:45', '2023-07-17 18:58:45', 279, 2),
(630, 48, 1200, '2023-07-17 18:58:45', '2023-07-17 18:58:45', 279, 2),
(631, 218, 9000, '2023-07-17 18:58:45', '2023-07-17 18:58:45', 279, 1),
(632, 216, 9000, '2023-07-17 18:58:45', '2023-07-17 18:58:45', 279, 1),
(633, 114, 5000, '2023-07-17 18:58:45', '2023-07-17 18:58:45', 279, 1),
(634, 191, 5000, '2023-07-17 18:58:45', '2023-07-17 18:58:45', 279, 2),
(635, 212, 40000, '2023-07-17 18:58:45', '2023-07-17 18:58:45', 279, 1),
(636, 125, 500, '2023-07-17 18:58:45', '2023-07-17 18:58:45', 279, 1),
(637, 141, 5000, '2023-07-17 18:58:45', '2023-07-17 18:58:45', 279, 1),
(638, 115, 500, '2023-07-17 18:58:45', '2023-07-17 18:58:45', 279, 2),
(639, 264, 4500, '2023-07-17 18:58:45', '2023-07-17 18:58:45', 279, 1),
(640, 236, 3000, '2023-07-17 18:58:45', '2023-07-17 18:58:45', 279, 1),
(641, 235, 3000, '2023-07-17 18:58:45', '2023-07-17 18:58:45', 279, 1),
(642, 49, 1000, '2023-07-19 11:27:22', '2023-07-19 11:27:22', 280, 1),
(643, 50, 1200, '2023-07-19 11:27:22', '2023-07-19 11:27:22', 280, 2),
(644, 64, 500, '2023-07-19 16:17:38', '2023-07-19 16:17:38', 281, 5),
(645, 58, 500, '2023-07-19 16:17:38', '2023-07-19 16:17:38', 281, 4),
(646, 174, 450, '2023-07-19 16:17:38', '2023-07-19 16:17:38', 281, 1),
(647, 78, 500, '2023-07-19 17:11:59', '2023-07-19 17:11:59', 282, 7),
(648, 119, 5000, '2023-07-19 18:34:08', '2023-07-19 18:34:08', 283, 3),
(649, 128, 500, '2023-07-19 18:34:08', '2023-07-19 18:34:08', 283, 2),
(650, 177, 4500, '2023-07-19 18:34:08', '2023-07-19 18:34:08', 283, 2),
(651, 179, 4500, '2023-07-19 18:34:08', '2023-07-19 18:34:08', 283, 1),
(652, 167, 4500, '2023-07-19 18:34:08', '2023-07-19 18:34:08', 283, 1),
(653, 64, 5000, '2023-07-19 18:34:08', '2023-07-19 18:34:08', 283, 1),
(654, 73, 5, '2023-07-20 08:24:25', '2023-07-20 08:24:25', 284, 8),
(655, 80, 3, '2023-07-20 08:28:43', '2023-07-20 08:28:43', 285, 2),
(656, 83, 4, '2023-07-20 08:33:07', '2023-07-20 08:33:07', 286, 4),
(657, 93, 4, '2023-07-20 08:37:19', '2023-07-20 08:37:19', 287, 1),
(658, 88, 4, '2023-07-20 08:37:57', '2023-07-20 08:37:57', 288, 1),
(659, 108, 5, '2023-07-20 08:49:52', '2023-07-20 08:49:52', 289, 9),
(660, 116, 5, '2023-07-20 08:59:01', '2023-07-20 08:59:01', 290, 2),
(661, 121, 5, '2023-07-20 09:03:25', '2023-07-20 09:03:25', 291, 1),
(662, 127, 5, '2023-07-20 09:11:35', '2023-07-20 09:11:35', 292, 2),
(663, 129, 5, '2023-07-20 09:11:35', '2023-07-20 09:11:35', 292, 1),
(664, 122, 5, '2023-07-20 09:12:29', '2023-07-20 09:12:29', 293, 2),
(665, 130, 5, '2023-07-20 09:18:43', '2023-07-20 09:18:43', 294, 1),
(666, 137, 5, '2023-07-20 09:18:43', '2023-07-20 09:18:43', 294, 1),
(667, 142, 5, '2023-07-20 09:22:06', '2023-07-20 09:22:06', 295, 1),
(668, 163, 5, '2023-07-20 11:03:32', '2023-07-20 11:03:32', 296, 4),
(669, 164, 5, '2023-07-20 11:16:27', '2023-07-20 11:16:27', 297, 8),
(670, 167, 5, '2023-07-20 11:22:07', '2023-07-20 11:22:07', 298, 10),
(671, 173, 5, '2023-07-20 11:36:18', '2023-07-20 11:36:18', 299, 4),
(672, 174, 5, '2023-07-20 11:38:10', '2023-07-20 11:38:10', 300, 1),
(673, 176, 5, '2023-07-20 11:41:56', '2023-07-20 11:41:56', 301, 2),
(674, 177, 1, '2023-07-20 11:43:36', '2023-07-20 11:43:36', 302, 1),
(675, 179, 5, '2023-07-20 11:45:46', '2023-07-20 11:45:46', 303, 2),
(676, 181, 5, '2023-07-20 11:50:34', '2023-07-20 11:50:34', 304, 4),
(677, 231, 3000, '2023-07-20 12:56:17', '2023-07-20 12:56:17', 305, 5),
(678, 167, 450, '2023-07-20 16:01:26', '2023-07-20 16:01:26', 306, 1),
(679, 78, 500, '2023-07-20 16:01:26', '2023-07-20 16:01:26', 306, 2),
(680, 128, 500, '2023-07-20 16:01:26', '2023-07-20 16:01:26', 306, 1),
(681, 116, 500, '2023-07-20 16:33:05', '2023-07-20 16:33:05', 307, 2),
(682, 235, 3000, '2023-07-20 16:33:05', '2023-07-20 16:33:05', 307, 2),
(683, 236, 3000, '2023-07-20 16:33:05', '2023-07-20 16:33:05', 307, 4),
(684, 256, 400, '2023-07-20 16:46:29', '2023-07-20 16:46:29', 308, 2),
(685, 257, 400, '2023-07-20 16:46:29', '2023-07-20 16:46:29', 308, 1),
(686, 234, 400, '2023-07-20 16:47:38', '2023-07-20 16:47:38', 309, 2),
(687, 243, 400, '2023-07-20 16:49:56', '2023-07-20 16:49:56', 310, 7),
(688, 244, 400, '2023-07-20 16:49:56', '2023-07-20 16:49:56', 310, 2),
(689, 245, 400, '2023-07-20 16:49:56', '2023-07-20 16:49:56', 310, 1),
(690, 59, 5000, '2023-07-20 17:17:15', '2023-07-20 17:17:15', 311, 3),
(691, 226, 3000, '2023-07-20 17:17:15', '2023-07-20 17:17:15', 311, 2),
(692, 64, 500, '2023-07-20 17:35:25', '2023-07-20 17:35:25', 312, 3),
(693, 52, 500, '2023-07-20 17:40:35', '2023-07-20 17:40:35', 313, 14),
(694, 12, 35000, '2023-07-20 17:40:35', '2023-07-20 17:40:35', 313, 1),
(695, 264, 4500, '2023-07-20 17:40:35', '2023-07-20 17:40:35', 313, 2),
(696, 83, 5000, '2023-07-20 17:40:35', '2023-07-20 17:40:35', 313, 2),
(697, 112, 5000, '2023-07-20 17:40:35', '2023-07-20 17:40:35', 313, 1),
(698, 29, 1500, '2023-07-20 18:29:58', '2023-07-20 18:29:58', 314, 13),
(699, 224, 500, '2023-07-20 18:29:58', '2023-07-20 18:29:58', 314, 2),
(700, 220, 1500, '2023-07-20 18:29:58', '2023-07-20 18:29:58', 314, 1),
(701, 151, 450, '2023-07-20 18:29:58', '2023-07-20 18:29:58', 314, 1),
(702, 248, 300, '2023-07-20 18:44:11', '2023-07-20 18:44:11', 315, 4),
(703, 147, 4500, '2023-07-21 16:09:43', '2023-07-21 16:09:43', 316, 2),
(704, 220, 15000, '2023-07-21 18:19:07', '2023-07-21 18:19:07', 317, 1),
(705, 81, 500, '2023-07-22 11:11:15', '2023-07-22 11:11:15', 318, 1),
(706, 68, 5000, '2023-07-22 11:11:15', '2023-07-22 11:11:15', 318, 4),
(707, 236, 3000, '2023-07-22 11:11:15', '2023-07-22 11:11:15', 318, 4),
(708, 257, 4000, '2023-07-22 11:11:15', '2023-07-22 11:11:15', 318, 1),
(709, 256, 4000, '2023-07-22 11:11:15', '2023-07-22 11:11:15', 318, 1),
(710, 177, 4500, '2023-07-22 11:22:30', '2023-07-22 11:22:30', 319, 5),
(711, 178, 4500, '2023-07-22 11:22:30', '2023-07-22 11:22:30', 319, 4),
(712, 223, 30000, '2023-07-22 11:22:30', '2023-07-22 11:22:30', 319, 1),
(713, 27, 30000, '2023-07-22 11:22:30', '2023-07-22 11:22:30', 319, 1),
(714, 250, 3000, '2023-07-22 11:22:30', '2023-07-22 11:22:30', 319, 1),
(715, 253, 3000, '2023-07-22 11:22:30', '2023-07-22 11:22:30', 319, 4),
(716, 117, 5000, '2023-07-22 11:22:30', '2023-07-22 11:22:30', 319, 4),
(717, 145, 2500, '2023-07-22 11:22:30', '2023-07-22 11:22:30', 319, 4),
(718, 201, 15000, '2023-07-22 11:22:30', '2023-07-22 11:22:30', 319, 1),
(719, 231, 3000, '2023-07-22 11:22:30', '2023-07-22 11:22:30', 319, 2),
(720, 230, 3000, '2023-07-22 11:22:30', '2023-07-22 11:22:30', 319, 2),
(721, 129, 5000, '2023-07-22 11:22:30', '2023-07-22 11:22:30', 319, 1),
(722, 142, 5000, '2023-07-22 11:22:30', '2023-07-22 11:22:30', 319, 1),
(723, 12, 35000, '2023-07-22 11:24:31', '2023-07-22 11:24:31', 320, 1),
(724, 83, 5000, '2023-07-22 13:26:17', '2023-07-22 13:26:17', 321, 2),
(725, 196, 5000, '2023-07-22 13:26:17', '2023-07-22 13:26:17', 321, 2),
(726, 266, 750, '2023-07-22 13:26:17', '2023-07-22 13:26:17', 321, 5),
(727, 177, 4500, '2023-07-22 19:11:52', '2023-07-22 19:11:52', 322, 3),
(728, 266, 7500, '2023-07-22 19:11:52', '2023-07-22 19:11:52', 322, 5),
(729, 77, 5000, '2023-07-22 19:11:52', '2023-07-22 19:11:52', 322, 1),
(730, 118, 500, '2023-07-22 19:11:52', '2023-07-22 19:11:52', 322, 1),
(731, 142, 5000, '2023-07-22 19:11:52', '2023-07-22 19:11:52', 322, 1),
(732, 145, 2500, '2023-07-22 19:11:52', '2023-07-22 19:11:52', 322, 2),
(733, 169, 4500, '2023-07-22 19:11:52', '2023-07-22 19:11:52', 322, 1),
(734, 153, 4500, '2023-07-22 19:11:52', '2023-07-22 19:11:52', 322, 4),
(735, 168, 4500, '2023-07-22 19:33:04', '2023-07-22 19:33:04', 323, 1),
(736, 185, 4500, '2023-07-23 15:12:14', '2023-07-23 15:12:14', 324, 2),
(737, 179, 4500, '2023-07-23 15:12:14', '2023-07-23 15:12:14', 324, 2),
(738, 153, 4500, '2023-07-23 15:12:14', '2023-07-23 15:12:14', 324, 4),
(739, 256, 4000, '2023-07-23 15:12:14', '2023-07-23 15:12:14', 324, 1),
(740, 254, 4000, '2023-07-23 15:12:14', '2023-07-23 15:12:14', 324, 2),
(741, 212, 40000, '2023-07-23 18:50:20', '2023-07-23 18:50:20', 325, 1),
(742, 115, 5000, '2023-07-23 18:50:20', '2023-07-23 18:50:20', 325, 1);
INSERT INTO `sorties` (`id`, `produit_id`, `prixv`, `created_at`, `updated_at`, `facture_id`, `quantite`) VALUES
(743, 118, 5000, '2023-07-23 18:50:20', '2023-07-23 18:50:20', 325, 1),
(744, 235, 3000, '2023-07-23 18:50:20', '2023-07-23 18:50:20', 325, 1),
(745, 39, 10000, '2023-07-23 18:50:20', '2023-07-23 18:50:20', 325, 1),
(746, 78, 5000, '2023-07-24 19:02:26', '2023-07-24 19:02:26', 326, 1),
(747, 112, 5000, '2023-07-24 19:02:26', '2023-07-24 19:02:26', 326, 1),
(748, 113, 5000, '2023-07-24 19:02:26', '2023-07-24 19:02:26', 326, 1),
(749, 128, 5000, '2023-07-24 19:02:26', '2023-07-24 19:02:26', 326, 1),
(750, 181, 4500, '2023-07-24 19:02:26', '2023-07-24 19:02:26', 326, 3),
(751, 174, 4500, '2023-07-24 19:02:26', '2023-07-24 19:02:26', 326, 1),
(752, 151, 4500, '2023-07-24 19:02:26', '2023-07-24 19:02:26', 326, 1),
(753, 264, 4500, '2023-07-24 19:02:26', '2023-07-24 19:02:26', 326, 1),
(754, 233, 20000, '2023-07-26 13:55:05', '2023-07-26 13:55:05', 327, 1),
(755, 191, 5000, '2023-07-26 13:55:05', '2023-07-26 13:55:05', 327, 1),
(756, 114, 5000, '2023-07-26 13:55:05', '2023-07-26 13:55:05', 327, 2),
(757, 72, 5000, '2023-07-26 13:55:05', '2023-07-26 13:55:05', 327, 1),
(758, 74, 5000, '2023-07-26 13:55:05', '2023-07-26 13:55:05', 327, 1),
(759, 73, 5000, '2023-07-26 13:55:05', '2023-07-26 13:55:05', 327, 1),
(760, 220, 15000, '2023-07-26 13:55:05', '2023-07-26 13:55:05', 327, 1),
(761, 207, 20000, '2023-07-26 13:55:05', '2023-07-26 13:55:05', 327, 1),
(762, 137, 5000, '2023-07-26 13:55:05', '2023-07-26 13:55:05', 327, 1),
(763, 64, 5000, '2023-07-26 13:55:05', '2023-07-26 13:55:05', 327, 1),
(764, 226, 3000, '2023-07-26 13:55:05', '2023-07-26 13:55:05', 327, 1),
(765, 256, 4000, '2023-07-26 13:55:05', '2023-07-26 13:55:05', 327, 1),
(766, 218, 9000, '2023-07-26 13:58:22', '2023-07-26 13:58:22', 328, 1),
(767, 216, 9000, '2023-07-26 13:58:22', '2023-07-26 13:58:22', 328, 1),
(768, 39, 10000, '2023-07-26 18:50:09', '2023-07-26 18:50:09', 329, 1),
(769, 27, 25000, '2023-07-26 18:50:09', '2023-07-26 18:50:09', 329, 1),
(770, 34, 1500, '2023-07-26 18:50:09', '2023-07-26 18:50:09', 329, 1),
(771, 230, 3000, '2023-07-26 18:50:09', '2023-07-26 18:50:09', 329, 1),
(772, 113, 5000, '2023-07-26 18:50:09', '2023-07-26 18:50:09', 329, 1),
(773, 207, 600, '2023-07-26 19:27:35', '2023-07-26 19:27:35', 330, 1),
(774, 123, 5000, '2023-07-26 19:27:35', '2023-07-26 19:27:35', 330, 2),
(775, 147, 5000, '2023-07-26 19:27:35', '2023-07-26 19:27:35', 330, 1),
(776, 112, 4500, '2023-07-26 19:27:35', '2023-07-26 19:27:35', 330, 1),
(777, 177, 4500, '2023-07-26 19:27:35', '2023-07-26 19:27:35', 330, 1),
(778, 176, 4500, '2023-07-26 19:27:35', '2023-07-26 19:27:35', 330, 2),
(779, 166, 4500, '2023-07-26 19:27:35', '2023-07-26 19:27:35', 330, 2),
(780, 171, 450, '2023-07-26 19:27:35', '2023-07-26 19:27:35', 330, 2),
(781, 173, 450, '2023-07-26 19:27:35', '2023-07-26 19:27:35', 330, 1),
(782, 115, 4500, '2023-07-26 19:27:35', '2023-07-26 19:27:35', 330, 1),
(783, 68, 5000, '2023-07-27 15:50:35', '2023-07-27 15:50:35', 331, 1),
(784, 73, 5000, '2023-07-27 15:50:35', '2023-07-27 15:50:35', 331, 1),
(785, 122, 5000, '2023-07-27 16:47:55', '2023-07-27 16:47:55', 332, 4),
(786, 114, 5000, '2023-07-27 16:47:55', '2023-07-27 16:47:55', 332, 1),
(787, 117, 5000, '2023-07-27 16:47:55', '2023-07-27 16:47:55', 332, 1),
(788, 266, 9000, '2023-07-27 17:25:22', '2023-07-27 17:25:22', 333, 1),
(789, 217, 7500, '2023-07-27 17:25:22', '2023-07-27 17:25:22', 333, 2),
(790, 24, 32000, '2023-07-27 17:25:49', '2023-07-27 17:25:49', 334, 1),
(791, 191, 5000, '2023-07-27 19:08:00', '2023-07-27 19:08:00', 335, 5),
(792, 177, 4500, '2023-07-27 19:08:00', '2023-07-27 19:08:00', 335, 1),
(793, 176, 4500, '2023-07-27 19:08:00', '2023-07-27 19:08:00', 335, 2),
(794, 264, 4500, '2023-07-27 19:08:00', '2023-07-27 19:08:00', 335, 1),
(795, 145, 2500, '2023-07-27 19:08:00', '2023-07-27 19:08:00', 335, 5),
(796, 132, 5000, '2023-07-27 19:08:00', '2023-07-27 19:08:00', 335, 3),
(797, 107, 5000, '2023-07-27 19:08:00', '2023-07-27 19:08:00', 335, 1),
(798, 108, 5000, '2023-07-27 19:08:00', '2023-07-27 19:08:00', 335, 1),
(799, 179, 4500, '2023-07-27 19:08:00', '2023-07-27 19:08:00', 335, 1),
(800, 80, 5000, '2023-07-27 19:08:00', '2023-07-27 19:08:00', 335, 1),
(801, 94, 5000, '2023-07-27 19:08:00', '2023-07-27 19:08:00', 335, 1),
(802, 179, 4500, '2023-07-28 18:54:24', '2023-07-28 18:54:24', 336, 2),
(803, 113, 5000, '2023-07-28 18:54:24', '2023-07-28 18:54:24', 336, 1),
(804, 221, 6000, '2023-07-29 09:34:20', '2023-07-29 09:34:20', 337, 1),
(805, 22, 60000, '2023-07-29 09:34:20', '2023-07-29 09:34:20', 337, 1),
(806, 261, 500, '2023-07-29 09:34:20', '2023-07-29 09:34:20', 337, 1),
(807, 219, 1200, '2023-07-29 09:34:20', '2023-07-29 09:34:20', 337, 2),
(808, 16, 3500, '2023-07-29 19:57:26', '2023-07-29 19:57:26', 338, 1),
(809, 207, 2000, '2023-07-29 19:57:26', '2023-07-29 19:57:26', 338, 1),
(810, 64, 5000, '2023-07-29 19:57:26', '2023-07-29 19:57:26', 338, 3),
(811, 179, 4500, '2023-07-29 19:57:26', '2023-07-29 19:57:26', 338, 2),
(812, 151, 4500, '2023-07-29 19:57:26', '2023-07-29 19:57:26', 338, 1),
(813, 226, 3000, '2023-07-29 19:57:26', '2023-07-29 19:57:26', 338, 1),
(814, 166, 4500, '2023-07-29 19:57:26', '2023-07-29 19:57:26', 338, 1),
(815, 146, 4500, '2023-07-29 19:57:26', '2023-07-29 19:57:26', 338, 1),
(816, 139, 5000, '2023-07-30 20:18:08', '2023-07-30 20:18:08', 339, 1),
(817, 151, 4500, '2023-07-30 20:18:08', '2023-07-30 20:18:08', 339, 1),
(818, 177, 4500, '2023-07-30 20:18:08', '2023-07-30 20:18:08', 339, 1),
(819, 26, 30000, '2023-07-30 20:18:08', '2023-07-30 20:18:08', 339, 1),
(820, 167, 4500, '2023-07-30 20:18:08', '2023-07-30 20:18:08', 339, 1),
(821, 171, 4500, '2023-07-30 20:18:08', '2023-07-30 20:18:08', 339, 1),
(822, 207, 20000, '2023-07-30 20:18:08', '2023-07-30 20:18:08', 339, 1),
(823, 116, 5000, '2023-07-30 20:18:08', '2023-07-30 20:18:08', 339, 1),
(824, 147, 450, '2023-07-31 13:02:16', '2023-07-31 13:02:16', 340, 3),
(825, 150, 4500, '2023-07-31 13:02:16', '2023-07-31 13:02:16', 340, 1),
(826, 192, 4500, '2023-07-31 13:02:16', '2023-07-31 13:02:16', 340, 1),
(827, 167, 4500, '2023-07-31 13:02:16', '2023-07-31 13:02:16', 340, 6),
(828, 173, 4500, '2023-07-31 13:02:16', '2023-07-31 13:02:16', 340, 1),
(829, 172, 4500, '2023-07-31 13:02:16', '2023-07-31 13:02:16', 340, 2),
(830, 117, 400, '2023-07-31 13:02:16', '2023-07-31 13:02:16', 340, 2),
(831, 110, 500, '2023-07-31 13:02:16', '2023-07-31 13:02:16', 340, 1),
(832, 113, 500, '2023-07-31 13:02:16', '2023-07-31 13:02:16', 340, 2),
(833, 114, 500, '2023-07-31 13:02:16', '2023-07-31 13:02:16', 340, 1),
(834, 264, 567, '2023-07-31 13:02:16', '2023-07-31 13:02:16', 340, 1),
(835, 114, 5000, '2023-07-31 13:18:44', '2023-07-31 13:18:44', 341, 1),
(836, 166, 4500, '2023-07-31 15:02:38', '2023-07-31 15:02:38', 342, 2),
(837, 264, 4500, '2023-07-31 15:06:29', '2023-07-31 15:06:29', 343, 2),
(838, 167, 4500, '2023-07-31 16:20:07', '2023-07-31 16:20:07', 344, 1),
(839, 179, 4500, '2023-07-31 16:20:07', '2023-07-31 16:20:07', 344, 3),
(840, 145, 250, '2023-07-31 16:20:07', '2023-07-31 16:20:07', 344, 13),
(841, 7, 65000, '2023-07-31 16:20:07', '2023-07-31 16:20:07', 344, 1),
(842, 142, 5000, '2023-08-02 12:48:29', '2023-08-02 12:48:29', 345, 2),
(843, 5, 35000, '2023-08-02 12:48:29', '2023-08-02 12:48:29', 345, 1),
(844, 114, 5000, '2023-08-02 12:48:29', '2023-08-02 12:48:29', 345, 1),
(845, 119, 5000, '2023-08-02 12:48:29', '2023-08-02 12:48:29', 345, 2),
(846, 235, 3000, '2023-08-02 12:48:29', '2023-08-02 12:48:29', 345, 4),
(847, 236, 3000, '2023-08-02 12:48:29', '2023-08-02 12:48:29', 345, 2),
(848, 57, 5000, '2023-08-02 12:48:29', '2023-08-02 12:48:29', 345, 13),
(849, 239, 3000, '2023-08-02 12:48:29', '2023-08-02 12:48:29', 345, 3),
(850, 217, 9000, '2023-08-02 12:48:29', '2023-08-02 12:48:29', 345, 1),
(851, 165, 4500, '2023-08-02 12:48:29', '2023-08-02 12:48:29', 345, 1),
(852, 178, 4500, '2023-08-02 12:48:29', '2023-08-02 12:48:29', 345, 6),
(853, 80, 5000, '2023-08-02 12:48:29', '2023-08-02 12:48:29', 345, 2),
(854, 125, 5000, '2023-08-02 12:48:29', '2023-08-02 12:48:29', 345, 2),
(855, 85, 5000, '2023-08-02 12:48:29', '2023-08-02 12:48:29', 345, 2),
(856, 96, 5000, '2023-08-02 13:16:28', '2023-08-02 13:16:28', 346, 1),
(857, 69, 5000, '2023-08-02 15:56:03', '2023-08-02 15:56:03', 347, 4),
(858, 68, 5000, '2023-08-02 15:56:03', '2023-08-02 15:56:03', 347, 2),
(859, 91, 5000, '2023-08-02 18:08:34', '2023-08-02 18:08:34', 348, 1),
(860, 100, 5000, '2023-08-02 18:08:34', '2023-08-02 18:08:34', 348, 1),
(861, 108, 5000, '2023-08-02 18:08:34', '2023-08-02 18:08:34', 348, 3),
(862, 83, 5000, '2023-08-02 18:08:34', '2023-08-02 18:08:34', 348, 1),
(863, 202, 150, '2023-08-02 18:08:34', '2023-08-02 18:08:34', 348, 2),
(864, 205, 45, '2023-08-02 18:08:34', '2023-08-02 18:08:34', 348, 1),
(865, 170, 4500, '2023-08-02 18:08:34', '2023-08-02 18:08:34', 348, 1),
(866, 226, 3000, '2023-08-02 18:08:34', '2023-08-02 18:08:34', 348, 1),
(867, 51, 500, '2023-08-02 18:10:18', '2023-08-02 18:10:18', 349, 18),
(868, 254, 4000, '2023-08-02 19:15:02', '2023-08-02 19:15:02', 350, 3),
(869, 153, 4500, '2023-08-02 19:15:02', '2023-08-02 19:15:02', 350, 3),
(870, 151, 4500, '2023-08-02 19:15:02', '2023-08-02 19:15:02', 350, 1),
(871, 226, 3000, '2023-08-02 19:15:02', '2023-08-02 19:15:02', 350, 1),
(872, 186, 4500, '2023-08-03 12:27:22', '2023-08-03 12:27:22', 351, 16),
(873, 223, 40000, '2023-08-03 13:23:12', '2023-08-03 13:23:12', 352, 1),
(874, 179, 4500, '2023-08-03 13:23:12', '2023-08-03 13:23:12', 352, 1),
(875, 215, 3500, '2023-08-03 13:27:54', '2023-08-03 13:27:54', 353, 1),
(876, 227, 3000, '2023-08-03 13:27:54', '2023-08-03 13:27:54', 353, 2),
(877, 230, 3000, '2023-08-03 13:27:54', '2023-08-03 13:27:54', 353, 1),
(878, 107, 5000, '2023-08-03 13:37:14', '2023-08-03 13:37:14', 354, 12),
(879, 219, 10000, '2023-08-03 13:37:14', '2023-08-03 13:37:14', 354, 2),
(880, 20, 80000, '2023-08-03 13:37:14', '2023-08-03 13:37:14', 354, 1),
(881, 247, 3000, '2023-08-03 13:37:14', '2023-08-03 13:37:14', 354, 2),
(882, 174, 4500, '2023-08-03 13:37:14', '2023-08-03 13:37:14', 354, 1),
(883, 179, 4500, '2023-08-03 13:37:14', '2023-08-03 13:37:14', 354, 2),
(884, 68, 5000, '2023-08-03 13:37:14', '2023-08-03 13:37:14', 354, 2),
(885, 69, 5000, '2023-08-03 13:37:14', '2023-08-03 13:37:14', 354, 3),
(886, 255, 4000, '2023-08-03 13:37:14', '2023-08-03 13:37:14', 354, 1),
(887, 145, 2500, '2023-08-03 13:37:14', '2023-08-03 13:37:14', 354, 1),
(888, 179, 4500, '2023-08-03 14:12:04', '2023-08-03 14:12:04', 355, 2),
(889, 240, 500, '2023-08-03 14:39:21', '2023-08-03 14:39:21', 356, 1),
(890, 18, 2, '2023-08-03 19:06:54', '2023-08-03 19:06:54', 357, 1),
(891, 57, 2, '2023-08-03 19:07:55', '2023-08-03 19:07:55', 358, 1),
(892, 57, 2, '2023-08-03 19:08:35', '2023-08-03 19:08:35', 359, 1),
(893, 74, 1, '2023-08-03 19:23:05', '2023-08-03 19:23:05', 360, 1),
(894, 146, 2, '2023-08-03 19:23:49', '2023-08-03 19:23:49', 361, 1),
(895, 202, 1, '2023-08-07 11:54:06', '2023-08-07 11:54:06', 362, 1),
(896, 311, 1500, '2023-08-07 13:54:11', '2023-08-07 13:54:11', 363, 1),
(897, 333, 1500, '2023-08-07 13:54:11', '2023-08-07 13:54:11', 363, 1),
(898, 64, 5000, '2023-08-07 13:54:11', '2023-08-07 13:54:11', 363, 5),
(899, 331, 4000, '2023-08-07 14:11:02', '2023-08-07 14:11:02', 364, 1),
(900, 117, 5000, '2023-08-07 17:03:51', '2023-08-07 17:03:51', 365, 1),
(901, 68, 5000, '2023-08-07 17:03:51', '2023-08-07 17:03:51', 365, 6),
(902, 179, 4500, '2023-08-07 17:03:51', '2023-08-07 17:03:51', 365, 2),
(903, 174, 4500, '2023-08-07 17:03:51', '2023-08-07 17:03:51', 365, 1),
(904, 247, 3000, '2023-08-07 17:03:51', '2023-08-07 17:03:51', 365, 1),
(905, 142, 5000, '2023-08-07 17:03:51', '2023-08-07 17:03:51', 365, 2),
(906, 330, 15000, '2023-08-07 17:03:51', '2023-08-07 17:03:51', 365, 1),
(907, 88, 5000, '2023-08-07 17:03:51', '2023-08-07 17:03:51', 365, 1),
(908, 235, 3000, '2023-08-07 17:03:51', '2023-08-07 17:03:51', 365, 2),
(909, 116, 5000, '2023-08-07 17:03:51', '2023-08-07 17:03:51', 365, 1),
(910, 152, 4500, '2023-08-07 17:03:51', '2023-08-07 17:03:51', 365, 2),
(911, 256, 3000, '2023-08-07 17:03:51', '2023-08-07 17:03:51', 365, 6),
(912, 190, 5000, '2023-08-07 17:03:51', '2023-08-07 17:03:51', 365, 1),
(913, 128, 5000, '2023-08-07 17:03:51', '2023-08-07 17:03:51', 365, 3),
(914, 122, 5000, '2023-08-07 17:03:51', '2023-08-07 17:03:51', 365, 3),
(915, 58, 5000, '2023-08-07 17:03:51', '2023-08-07 17:03:51', 365, 10),
(916, 59, 5000, '2023-08-07 17:03:51', '2023-08-07 17:03:51', 365, 6),
(917, 226, 3000, '2023-08-07 17:03:51', '2023-08-07 17:03:51', 365, 5),
(918, 156, 4500, '2023-08-07 17:03:51', '2023-08-07 17:03:51', 365, 1),
(919, 159, 4500, '2023-08-07 17:03:51', '2023-08-07 17:03:51', 365, 1),
(920, 177, 4500, '2023-08-07 17:03:51', '2023-08-07 17:03:51', 365, 1),
(921, 261, 4000, '2023-08-07 17:03:51', '2023-08-07 17:03:51', 365, 2),
(922, 262, 4000, '2023-08-07 17:03:51', '2023-08-07 17:03:51', 365, 2),
(923, 143, 5000, '2023-08-07 17:03:51', '2023-08-07 17:03:51', 365, 1),
(924, 264, 4500, '2023-08-07 17:03:51', '2023-08-07 17:03:51', 365, 1),
(925, 177, 4500, '2023-08-07 17:03:51', '2023-08-07 17:03:51', 365, 3),
(926, 219, 10000, '2023-08-07 17:03:51', '2023-08-07 17:03:51', 365, 1),
(927, 84, 5000, '2023-08-07 17:03:51', '2023-08-07 17:03:51', 365, 1),
(928, 83, 5000, '2023-08-07 17:03:51', '2023-08-07 17:03:51', 365, 1),
(929, 55, 5000, '2023-08-07 17:03:51', '2023-08-07 17:03:51', 365, 2),
(930, 114, 5000, '2023-08-07 17:03:51', '2023-08-07 17:03:51', 365, 1),
(931, 232, 3000, '2023-08-07 17:03:51', '2023-08-07 17:03:51', 365, 2),
(932, 155, 4500, '2023-08-07 17:03:51', '2023-08-07 17:03:51', 365, 1),
(933, 255, 4000, '2023-08-07 17:03:51', '2023-08-07 17:03:51', 365, 2),
(934, 90, 5000, '2023-08-07 17:03:51', '2023-08-07 17:03:51', 365, 1),
(935, 241, 4000, '2023-08-07 17:03:51', '2023-08-07 17:03:51', 365, 1),
(936, 77, 5000, '2023-08-07 17:03:51', '2023-08-07 17:03:51', 365, 6),
(937, 294, 15000, '2023-08-07 17:03:51', '2023-08-07 17:03:51', 365, 1),
(938, 12, 35000, '2023-08-07 17:03:51', '2023-08-07 17:03:51', 365, 1),
(939, 214, 5000, '2023-08-07 17:03:51', '2023-08-07 17:03:51', 365, 1),
(940, 328, 13000, '2023-08-07 17:03:51', '2023-08-07 17:03:51', 365, 1),
(941, 236, 3000, '2023-08-07 17:03:51', '2023-08-07 17:03:51', 365, 2),
(942, 235, 3000, '2023-08-07 17:03:51', '2023-08-07 17:03:51', 365, 1),
(943, 167, 4500, '2023-08-07 17:03:51', '2023-08-07 17:03:51', 365, 2),
(944, 145, 2500, '2023-08-07 18:59:48', '2023-08-07 18:59:48', 366, 10),
(945, 202, 15000, '2023-08-09 13:18:42', '2023-08-09 13:18:42', 367, 1),
(946, 287, 1000, '2023-08-09 17:20:42', '2023-08-09 17:20:42', 368, 1),
(947, 284, 12000, '2023-08-09 17:20:42', '2023-08-09 17:20:42', 368, 1),
(948, 331, 15000, '2023-08-09 17:20:42', '2023-08-09 17:20:42', 368, 2),
(949, 114, 5000, '2023-08-09 17:20:42', '2023-08-09 17:20:42', 368, 1),
(950, 282, 5000, '2023-08-09 17:20:42', '2023-08-09 17:20:42', 368, 1),
(951, 127, 5000, '2023-08-09 17:20:42', '2023-08-09 17:20:42', 368, 1),
(952, 193, 5000, '2023-08-09 17:20:42', '2023-08-09 17:20:42', 368, 1),
(953, 131, 5000, '2023-08-09 17:20:42', '2023-08-09 17:20:42', 368, 1),
(954, 115, 5000, '2023-08-09 17:20:42', '2023-08-09 17:20:42', 368, 1),
(955, 303, 15000, '2023-08-09 17:20:42', '2023-08-09 17:20:42', 368, 1),
(956, 235, 3000, '2023-08-09 17:20:42', '2023-08-09 17:20:42', 368, 1),
(957, 236, 3000, '2023-08-09 17:20:42', '2023-08-09 17:20:42', 368, 1),
(958, 329, 15000, '2023-08-09 17:20:42', '2023-08-09 17:20:42', 368, 1),
(959, 177, 4500, '2023-08-09 17:20:42', '2023-08-09 17:20:42', 368, 1),
(960, 122, 5000, '2023-08-09 17:20:42', '2023-08-09 17:20:42', 368, 1),
(961, 231, 3000, '2023-08-09 17:20:42', '2023-08-09 17:20:42', 368, 2),
(962, 145, 2500, '2023-08-09 17:20:42', '2023-08-09 17:20:42', 368, 3),
(963, 217, 900, '2023-08-09 17:20:42', '2023-08-09 17:20:42', 368, 1),
(964, 216, 900, '2023-08-09 17:20:42', '2023-08-09 17:20:42', 368, 1),
(965, 218, 900, '2023-08-09 17:20:42', '2023-08-09 17:20:42', 368, 1),
(966, 190, 5000, '2023-08-09 18:57:36', '2023-08-09 18:57:36', 369, 1),
(967, 122, 5000, '2023-08-10 18:44:20', '2023-08-10 18:44:20', 370, 1),
(968, 330, 5000, '2023-08-10 18:44:20', '2023-08-10 18:44:20', 370, 1),
(969, 231, 3000, '2023-08-10 18:44:20', '2023-08-10 18:44:20', 370, 5),
(970, 8, 40000, '2023-08-10 18:44:20', '2023-08-10 18:44:20', 370, 1),
(971, 58, 5000, '2023-08-10 18:44:20', '2023-08-10 18:44:20', 370, 2),
(972, 137, 5000, '2023-08-10 18:44:20', '2023-08-10 18:44:20', 370, 1),
(973, 269, 20000, '2023-08-10 18:44:20', '2023-08-10 18:44:20', 370, 1),
(974, 171, 5000, '2023-08-10 18:44:20', '2023-08-10 18:44:20', 370, 1),
(975, 54, 5000, '2023-08-10 18:44:20', '2023-08-10 18:44:20', 370, 1),
(976, 283, 10000, '2023-08-10 18:44:20', '2023-08-10 18:44:20', 370, 1),
(977, 207, 20000, '2023-08-10 18:44:20', '2023-08-10 18:44:20', 370, 1),
(978, 117, 5000, '2023-08-10 18:44:20', '2023-08-10 18:44:20', 370, 1),
(979, 115, 5000, '2023-08-10 18:44:20', '2023-08-10 18:44:20', 370, 1),
(980, 131, 5000, '2023-08-10 18:44:20', '2023-08-10 18:44:20', 370, 1),
(981, 292, 5000, '2023-08-10 18:44:20', '2023-08-10 18:44:20', 370, 1),
(982, 332, 15000, '2023-08-10 18:44:20', '2023-08-10 18:44:20', 370, 1),
(983, 153, 4500, '2023-08-10 18:44:20', '2023-08-10 18:44:20', 370, 4),
(984, 191, 5000, '2023-08-10 18:44:20', '2023-08-10 18:44:20', 370, 1),
(985, 145, 2500, '2023-08-10 18:44:20', '2023-08-10 18:44:20', 370, 3),
(986, 115, 5000, '2023-08-10 18:47:01', '2023-08-10 18:47:01', 371, 1),
(987, 166, 4500, '2023-08-11 18:16:16', '2023-08-11 18:16:16', 372, 2),
(988, 167, 4500, '2023-08-11 18:16:16', '2023-08-11 18:16:16', 372, 1),
(989, 168, 4500, '2023-08-11 18:16:16', '2023-08-11 18:16:16', 372, 1),
(990, 177, 4500, '2023-08-11 18:16:16', '2023-08-11 18:16:16', 372, 2),
(991, 176, 4500, '2023-08-11 18:16:16', '2023-08-11 18:16:16', 372, 2),
(992, 191, 5000, '2023-08-11 18:16:16', '2023-08-11 18:16:16', 372, 1),
(993, 310, 15000, '2023-08-11 18:16:16', '2023-08-11 18:16:16', 372, 1),
(994, 329, 15000, '2023-08-11 18:16:16', '2023-08-11 18:16:16', 372, 1),
(995, 295, 15000, '2023-08-11 18:16:16', '2023-08-11 18:16:16', 372, 1),
(996, 302, 15000, '2023-08-11 18:16:16', '2023-08-11 18:16:16', 372, 1),
(997, 332, 15000, '2023-08-11 18:16:16', '2023-08-11 18:16:16', 372, 1),
(998, 331, 15000, '2023-08-11 18:16:16', '2023-08-11 18:16:16', 372, 1),
(999, 235, 3000, '2023-08-11 18:16:16', '2023-08-11 18:16:16', 372, 5),
(1000, 226, 3000, '2023-08-11 18:16:16', '2023-08-11 18:16:16', 372, 5),
(1001, 254, 4000, '2023-08-11 18:16:16', '2023-08-11 18:16:16', 372, 2),
(1002, 255, 4000, '2023-08-11 18:16:16', '2023-08-11 18:16:16', 372, 1),
(1003, 145, 2500, '2023-08-11 18:16:16', '2023-08-11 18:16:16', 372, 3),
(1004, 292, 5000, '2023-08-11 18:16:16', '2023-08-11 18:16:16', 372, 1),
(1005, 115, 5000, '2023-08-11 18:16:16', '2023-08-11 18:16:16', 372, 1),
(1006, 73, 5000, '2023-08-11 18:16:16', '2023-08-11 18:16:16', 372, 2),
(1007, 58, 5000, '2023-08-11 18:16:16', '2023-08-11 18:16:16', 372, 2),
(1008, 11, 5500, '2023-08-11 18:16:16', '2023-08-11 18:16:16', 372, 1),
(1009, 118, 5000, '2023-08-11 18:16:16', '2023-08-11 18:16:16', 372, 2),
(1010, 193, 5000, '2023-08-11 18:26:54', '2023-08-11 18:26:54', 373, 6),
(1011, 287, 10000, '2023-08-12 17:22:13', '2023-08-12 17:22:13', 374, 2),
(1012, 289, 1000, '2023-08-12 17:22:13', '2023-08-12 17:22:13', 374, 1),
(1013, 286, 1200, '2023-08-12 17:22:13', '2023-08-12 17:22:13', 374, 2),
(1014, 331, 1500, '2023-08-12 17:22:13', '2023-08-12 17:22:13', 374, 1),
(1015, 114, 5000, '2023-08-12 17:22:13', '2023-08-12 17:22:13', 374, 1),
(1016, 11, 55000, '2023-08-12 17:22:13', '2023-08-12 17:22:13', 374, 1),
(1017, 332, 15000, '2023-08-12 17:22:13', '2023-08-12 17:22:13', 374, 2),
(1018, 300, 15000, '2023-08-12 17:22:13', '2023-08-12 17:22:13', 374, 1),
(1019, 198, 5000, '2023-08-12 17:22:13', '2023-08-12 17:22:13', 374, 10),
(1020, 74, 5000, '2023-08-12 17:22:13', '2023-08-12 17:22:13', 374, 2),
(1021, 145, 2500, '2023-08-12 17:22:13', '2023-08-12 17:22:13', 374, 4),
(1022, 124, 5000, '2023-08-12 17:22:13', '2023-08-12 17:22:13', 374, 1),
(1023, 191, 5000, '2023-08-12 17:22:13', '2023-08-12 17:22:13', 374, 1),
(1024, 216, 9000, '2023-08-12 17:22:13', '2023-08-12 17:22:13', 374, 1),
(1025, 218, 9000, '2023-08-12 17:22:13', '2023-08-12 17:22:13', 374, 1),
(1026, 129, 5000, '2023-08-12 17:22:13', '2023-08-12 17:22:13', 374, 3),
(1027, 90, 5000, '2023-08-12 17:22:13', '2023-08-12 17:22:13', 374, 1),
(1028, 87, 5000, '2023-08-12 17:22:13', '2023-08-12 17:22:13', 374, 1),
(1029, 80, 5000, '2023-08-12 17:22:13', '2023-08-12 17:22:13', 374, 1),
(1030, 139, 5000, '2023-08-12 17:22:13', '2023-08-12 17:22:13', 374, 1),
(1031, 250, 5000, '2023-08-12 17:22:13', '2023-08-12 17:22:13', 374, 1),
(1032, 296, 15000, '2023-08-12 19:25:48', '2023-08-12 19:25:48', 375, 1),
(1033, 145, 2500, '2023-08-12 19:25:48', '2023-08-12 19:25:48', 375, 4),
(1034, 328, 13000, '2023-08-12 19:25:48', '2023-08-12 19:25:48', 375, 1),
(1035, 262, 5000, '2023-08-12 19:25:48', '2023-08-12 19:25:48', 375, 2),
(1036, 173, 4500, '2023-08-12 19:26:50', '2023-08-12 19:26:50', 376, 1),
(1037, 285, 1000, '2023-08-12 19:47:52', '2023-08-12 19:47:52', 377, 3),
(1038, 246, 5000, '2023-08-13 17:44:30', '2023-08-13 17:44:30', 378, 1),
(1039, 54, 5000, '2023-08-13 17:44:30', '2023-08-13 17:44:30', 378, 1),
(1040, 177, 4500, '2023-08-13 17:44:30', '2023-08-13 17:44:30', 378, 1),
(1041, 122, 5000, '2023-08-13 17:44:30', '2023-08-13 17:44:30', 378, 1),
(1042, 165, 4500, '2023-08-13 17:44:30', '2023-08-13 17:44:30', 378, 1),
(1043, 218, 900, '2023-08-14 18:57:07', '2023-08-14 18:57:07', 379, 1),
(1044, 308, 15000, '2023-08-14 18:57:07', '2023-08-14 18:57:07', 379, 1),
(1045, 57, 5000, '2023-08-14 18:57:07', '2023-08-14 18:57:07', 379, 10),
(1046, 314, 2000, '2023-08-14 18:57:07', '2023-08-14 18:57:07', 379, 1),
(1047, 289, 10000, '2023-08-14 18:57:07', '2023-08-14 18:57:07', 379, 1),
(1048, 283, 10000, '2023-08-14 18:57:07', '2023-08-14 18:57:07', 379, 1),
(1049, 177, 4500, '2023-08-14 18:57:07', '2023-08-14 18:57:07', 379, 1),
(1050, 193, 5000, '2023-08-14 18:57:07', '2023-08-14 18:57:07', 379, 1),
(1051, 129, 5000, '2023-08-14 18:57:07', '2023-08-14 18:57:07', 379, 2),
(1052, 124, 5000, '2023-08-14 18:57:07', '2023-08-14 18:57:07', 379, 1),
(1053, 115, 5000, '2023-08-14 18:57:07', '2023-08-14 18:57:07', 379, 1),
(1054, 118, 5000, '2023-08-14 18:57:07', '2023-08-14 18:57:07', 379, 1),
(1055, 21, 50000, '2023-08-14 18:57:07', '2023-08-14 18:57:07', 379, 1),
(1056, 222, 60000, '2023-08-14 18:57:07', '2023-08-14 18:57:07', 379, 1),
(1057, 123, 5000, '2023-08-14 18:57:07', '2023-08-14 18:57:07', 379, 1),
(1058, 10, 500, '2023-08-14 18:57:07', '2023-08-14 18:57:07', 379, 1),
(1059, 19, 600, '2023-08-14 18:57:07', '2023-08-14 18:57:07', 379, 1),
(1060, 274, 200, '2023-08-14 18:57:07', '2023-08-14 18:57:07', 379, 1),
(1061, 320, 13000, '2023-08-14 18:57:07', '2023-08-14 18:57:07', 379, 1),
(1062, 192, 5000, '2023-08-14 18:57:07', '2023-08-14 18:57:07', 379, 1),
(1063, 145, 2500, '2023-08-14 18:57:07', '2023-08-14 18:57:07', 379, 1),
(1064, 178, 4500, '2023-08-14 18:57:07', '2023-08-14 18:57:07', 379, 5),
(1065, 202, 15000, '2023-08-16 13:54:14', '2023-08-16 13:54:14', 380, 1),
(1066, 315, 15000, '2023-08-16 13:54:14', '2023-08-16 13:54:14', 380, 1),
(1067, 63, 5000, '2023-08-16 13:54:14', '2023-08-16 13:54:14', 380, 1),
(1068, 115, 5000, '2023-08-16 13:54:14', '2023-08-16 13:54:14', 380, 4),
(1069, 116, 5000, '2023-08-16 13:54:14', '2023-08-16 13:54:14', 380, 3),
(1070, 270, 25000, '2023-08-16 13:54:14', '2023-08-16 13:54:14', 380, 1),
(1071, 87, 5000, '2023-08-16 13:54:14', '2023-08-16 13:54:14', 380, 1),
(1072, 235, 3000, '2023-08-16 13:54:14', '2023-08-16 13:54:14', 380, 1),
(1073, 74, 5000, '2023-08-16 13:54:14', '2023-08-16 13:54:14', 380, 1),
(1074, 178, 4500, '2023-08-16 13:54:14', '2023-08-16 13:54:14', 380, 1),
(1075, 83, 5000, '2023-08-16 13:54:14', '2023-08-16 13:54:14', 380, 3),
(1076, 145, 2500, '2023-08-16 18:26:47', '2023-08-16 18:26:47', 381, 15),
(1077, 114, 5000, '2023-08-16 18:26:47', '2023-08-16 18:26:47', 381, 1),
(1078, 118, 5000, '2023-08-16 18:50:43', '2023-08-16 18:50:43', 382, 2),
(1079, 54, 5000, '2023-08-17 17:45:13', '2023-08-17 17:45:13', 383, 1),
(1080, 59, 5000, '2023-08-17 17:45:13', '2023-08-17 17:45:13', 383, 3),
(1081, 79, 5000, '2023-08-17 17:45:13', '2023-08-17 17:45:13', 383, 2),
(1082, 119, 5000, '2023-08-17 17:45:13', '2023-08-17 17:45:13', 383, 6),
(1083, 120, 5000, '2023-08-17 17:45:13', '2023-08-17 17:45:13', 383, 1),
(1084, 122, 5000, '2023-08-17 17:45:13', '2023-08-17 17:45:13', 383, 2),
(1085, 129, 500, '2023-08-17 17:45:13', '2023-08-17 17:45:13', 383, 1),
(1086, 166, 4500, '2023-08-17 17:45:13', '2023-08-17 17:45:13', 383, 1),
(1087, 236, 3000, '2023-08-17 17:45:13', '2023-08-17 17:45:13', 383, 3),
(1088, 275, 35000, '2023-08-17 17:45:13', '2023-08-17 17:45:13', 383, 1),
(1089, 294, 1500, '2023-08-17 17:45:13', '2023-08-17 17:45:13', 383, 1),
(1090, 297, 1500, '2023-08-17 17:45:13', '2023-08-17 17:45:13', 383, 1),
(1091, 311, 15000, '2023-08-17 17:45:13', '2023-08-17 17:45:13', 383, 1),
(1092, 312, 15000, '2023-08-17 17:45:13', '2023-08-17 17:45:13', 383, 1),
(1093, 168, 4500, '2023-08-17 17:45:13', '2023-08-17 17:45:13', 383, 1),
(1094, 39, 10000, '2023-08-17 17:45:13', '2023-08-17 17:45:13', 383, 1),
(1095, 290, 8000, '2023-08-17 17:45:13', '2023-08-17 17:45:13', 383, 1),
(1096, 284, 1500, '2023-08-17 18:20:59', '2023-08-17 18:20:59', 384, 4),
(1097, 177, 4500, '2023-08-20 13:14:25', '2023-08-20 13:14:25', 385, 5),
(1098, 179, 4500, '2023-08-20 13:14:25', '2023-08-20 13:14:25', 385, 1),
(1099, 79, 5000, '2023-08-20 13:14:25', '2023-08-20 13:14:25', 385, 2),
(1100, 78, 5000, '2023-08-20 13:14:25', '2023-08-20 13:14:25', 385, 1),
(1101, 284, 12000, '2023-08-20 13:14:25', '2023-08-20 13:14:25', 385, 1),
(1102, 39, 10000, '2023-08-20 13:14:25', '2023-08-20 13:14:25', 385, 3),
(1103, 248, 3000, '2023-08-20 13:14:25', '2023-08-20 13:14:25', 385, 2),
(1104, 172, 4500, '2023-08-20 13:14:25', '2023-08-20 13:14:25', 385, 1),
(1105, 167, 4500, '2023-08-20 13:14:25', '2023-08-20 13:14:25', 385, 1),
(1106, 129, 5000, '2023-08-20 13:14:25', '2023-08-20 13:14:25', 385, 2),
(1107, 219, 10000, '2023-08-20 13:14:25', '2023-08-20 13:14:25', 385, 1),
(1108, 226, 3000, '2023-08-20 13:14:25', '2023-08-20 13:14:25', 385, 2),
(1109, 275, 35000, '2023-08-20 13:14:25', '2023-08-20 13:14:25', 385, 1),
(1110, 208, 35000, '2023-08-20 13:14:25', '2023-08-20 13:14:25', 385, 1),
(1111, 229, 5000, '2023-08-20 13:14:25', '2023-08-20 13:14:25', 385, 1),
(1112, 157, 4500, '2023-08-20 13:14:25', '2023-08-20 13:14:25', 385, 1),
(1113, 54, 5000, '2023-08-20 13:14:25', '2023-08-20 13:14:25', 385, 2),
(1114, 145, 2500, '2023-08-20 13:14:25', '2023-08-20 13:14:25', 385, 13),
(1115, 191, 5000, '2023-08-20 13:14:25', '2023-08-20 13:14:25', 385, 1),
(1116, 190, 5000, '2023-08-20 13:14:25', '2023-08-20 13:14:25', 385, 1),
(1117, 21, 80000, '2023-08-20 13:14:25', '2023-08-20 13:14:25', 385, 1),
(1118, 77, 5000, '2023-08-20 13:14:25', '2023-08-20 13:14:25', 385, 1),
(1119, 295, 15000, '2023-08-20 13:14:25', '2023-08-20 13:14:25', 385, 1),
(1120, 253, 3000, '2023-08-20 13:14:25', '2023-08-20 13:14:25', 385, 1),
(1121, 39, 10000, '2023-08-20 13:30:03', '2023-08-20 13:30:03', 386, 1),
(1122, 226, 3000, '2023-08-20 15:08:32', '2023-08-20 15:08:32', 387, 2),
(1123, 172, 4500, '2023-08-20 15:08:32', '2023-08-20 15:08:32', 387, 2),
(1124, 131, 5000, '2023-08-20 18:03:43', '2023-08-20 18:03:43', 388, 1),
(1125, 127, 5000, '2023-08-20 18:03:43', '2023-08-20 18:03:43', 388, 1),
(1126, 122, 5000, '2023-08-20 18:03:43', '2023-08-20 18:03:43', 388, 1),
(1127, 284, 12000, '2023-08-28 13:42:02', '2023-08-28 13:42:02', 389, 3),
(1128, 39, 10000, '2023-08-28 13:42:02', '2023-08-28 13:42:02', 389, 2),
(1129, 226, 3000, '2023-08-28 13:42:02', '2023-08-28 13:42:02', 389, 7),
(1130, 10, 50000, '2023-08-28 13:42:02', '2023-08-28 13:42:02', 389, 1),
(1131, 117, 5000, '2023-08-28 13:42:02', '2023-08-28 13:42:02', 389, 2),
(1132, 330, 15000, '2023-08-28 13:42:02', '2023-08-28 13:42:02', 389, 4),
(1133, 116, 5000, '2023-08-28 13:42:02', '2023-08-28 13:42:02', 389, 2),
(1134, 118, 5000, '2023-08-28 13:42:02', '2023-08-28 13:42:02', 389, 2),
(1135, 289, 10000, '2023-08-28 13:42:02', '2023-08-28 13:42:02', 389, 3),
(1136, 153, 5000, '2023-08-28 13:42:02', '2023-08-28 13:42:02', 389, 5),
(1137, 85, 5000, '2023-08-28 13:42:02', '2023-08-28 13:42:02', 389, 1),
(1138, 273, 55000, '2023-08-28 13:42:02', '2023-08-28 13:42:02', 389, 1),
(1139, 69, 5000, '2023-08-28 13:42:02', '2023-08-28 13:42:02', 389, 2),
(1140, 78, 5000, '2023-08-28 13:42:02', '2023-08-28 13:42:02', 389, 6),
(1141, 79, 5000, '2023-08-28 13:42:02', '2023-08-28 13:42:02', 389, 3),
(1142, 80, 5000, '2023-08-28 13:42:02', '2023-08-28 13:42:02', 389, 1),
(1143, 170, 4500, '2023-08-28 13:42:02', '2023-08-28 13:42:02', 389, 2),
(1144, 173, 4500, '2023-08-28 13:42:02', '2023-08-28 13:42:02', 389, 1),
(1145, 173, 4500, '2023-08-28 13:42:02', '2023-08-28 13:42:02', 389, 1),
(1146, 166, 4500, '2023-08-28 13:42:02', '2023-08-28 13:42:02', 389, 1),
(1147, 215, 35000, '2023-08-28 13:42:03', '2023-08-28 13:42:03', 389, 1),
(1148, 168, 4500, '2023-08-28 13:42:03', '2023-08-28 13:42:03', 389, 4),
(1149, 192, 5000, '2023-08-28 13:42:03', '2023-08-28 13:42:03', 389, 2),
(1150, 190, 5000, '2023-08-28 13:42:03', '2023-08-28 13:42:03', 389, 1),
(1151, 31, 30000, '2023-08-28 13:42:03', '2023-08-28 13:42:03', 389, 1),
(1152, 245, 4000, '2023-08-28 13:42:03', '2023-08-28 13:42:03', 389, 1),
(1153, 246, 4000, '2023-08-28 13:42:03', '2023-08-28 13:42:03', 389, 3),
(1154, 127, 5000, '2023-08-28 13:42:03', '2023-08-28 13:42:03', 389, 2),
(1155, 129, 5000, '2023-08-28 13:42:03', '2023-08-28 13:42:03', 389, 2),
(1156, 54, 5000, '2023-08-28 13:42:03', '2023-08-28 13:42:03', 389, 5),
(1157, 53, 5000, '2023-08-28 13:42:03', '2023-08-28 13:42:03', 389, 2),
(1158, 56, 5000, '2023-08-28 13:42:03', '2023-08-28 13:42:03', 389, 5),
(1159, 57, 5000, '2023-08-28 13:42:03', '2023-08-28 13:42:03', 389, 3),
(1160, 59, 5000, '2023-08-28 13:42:03', '2023-08-28 13:42:03', 389, 2),
(1161, 271, 35000, '2023-08-28 13:42:03', '2023-08-28 13:42:03', 389, 1),
(1162, 314, 20000, '2023-08-28 13:42:03', '2023-08-28 13:42:03', 389, 1),
(1163, 88, 5000, '2023-08-28 13:42:03', '2023-08-28 13:42:03', 389, 2),
(1164, 201, 15000, '2023-08-28 13:42:03', '2023-08-28 13:42:03', 389, 1),
(1165, 99, 5000, '2023-08-28 13:42:03', '2023-08-28 13:42:03', 389, 1),
(1166, 100, 5000, '2023-08-28 13:42:03', '2023-08-28 13:42:03', 389, 1),
(1167, 274, 15000, '2023-08-28 13:42:03', '2023-08-28 13:42:03', 389, 4),
(1168, 270, 20000, '2023-08-28 13:42:03', '2023-08-28 13:42:03', 389, 2),
(1169, 11, 55000, '2023-08-28 13:42:03', '2023-08-28 13:42:03', 389, 1),
(1170, 177, 4500, '2023-08-28 13:42:03', '2023-08-28 13:42:03', 389, 2),
(1171, 178, 4500, '2023-08-28 13:42:03', '2023-08-28 13:42:03', 389, 1),
(1172, 176, 4500, '2023-08-28 13:42:03', '2023-08-28 13:42:03', 389, 2),
(1173, 313, 15000, '2023-08-28 13:42:03', '2023-08-28 13:42:03', 389, 1),
(1174, 299, 12000, '2023-08-28 13:42:03', '2023-08-28 13:42:03', 389, 1),
(1175, 122, 5000, '2023-08-28 13:42:03', '2023-08-28 13:42:03', 389, 4),
(1176, 124, 5000, '2023-08-28 13:42:03', '2023-08-28 13:42:03', 389, 2),
(1177, 230, 3000, '2023-08-28 13:42:03', '2023-08-28 13:42:03', 389, 4),
(1178, 262, 5000, '2023-08-28 13:42:03', '2023-08-28 13:42:03', 389, 8),
(1179, 261, 5000, '2023-08-28 13:42:03', '2023-08-28 13:42:03', 389, 4),
(1180, 329, 15000, '2023-08-28 13:42:03', '2023-08-28 13:42:03', 389, 2),
(1181, 145, 2500, '2023-08-28 13:42:03', '2023-08-28 13:42:03', 389, 19),
(1182, 326, 13000, '2023-08-28 13:42:03', '2023-08-28 13:42:03', 389, 1),
(1183, 155, 4500, '2023-08-28 13:42:03', '2023-08-28 13:42:03', 389, 1),
(1184, 191, 4500, '2023-08-28 13:42:03', '2023-08-28 13:42:03', 389, 4),
(1185, 193, 5000, '2023-08-28 13:42:03', '2023-08-28 13:42:03', 389, 2),
(1186, 264, 4500, '2023-08-28 13:42:03', '2023-08-28 13:42:03', 389, 1),
(1187, 247, 3000, '2023-08-28 13:42:03', '2023-08-28 13:42:03', 389, 3),
(1188, 54, 5000, '2023-08-28 13:42:53', '2023-08-28 13:42:53', 390, 1),
(1189, 83, 5000, '2023-08-28 18:29:45', '2023-08-28 18:29:45', 391, 3),
(1190, 77, 5000, '2023-08-28 18:29:45', '2023-08-28 18:29:45', 391, 1),
(1191, 76, 5000, '2023-08-28 18:29:45', '2023-08-28 18:29:45', 391, 1),
(1192, 274, 15000, '2023-08-28 18:29:45', '2023-08-28 18:29:45', 391, 1),
(1193, 202, 15000, '2023-08-28 18:29:45', '2023-08-28 18:29:45', 391, 1),
(1194, 99, 5000, '2023-08-28 18:29:45', '2023-08-28 18:29:45', 391, 2),
(1195, 220, 15000, '2023-08-28 18:29:45', '2023-08-28 18:29:45', 391, 1),
(1196, 224, 5000, '2023-08-28 18:29:45', '2023-08-28 18:29:45', 391, 1),
(1197, 179, 4500, '2023-08-28 18:29:45', '2023-08-28 18:29:45', 391, 2),
(1198, 31, 25000, '2023-08-28 18:29:45', '2023-08-28 18:29:45', 391, 1),
(1199, 4, 2000, '2024-11-24 12:01:16', '2024-11-24 12:01:16', 392, 2),
(1200, 4, 2000, '2024-11-24 12:01:39', '2024-11-24 12:01:39', 393, 2),
(1201, 5, 200, '2024-11-24 12:01:39', '2024-11-24 12:01:39', 393, 3),
(1202, 4, 100, '2024-12-08 10:10:19', '2024-12-08 10:10:19', 394, 4),
(1203, 5, 400, '2024-12-08 10:13:09', '2024-12-08 10:13:09', 395, 1),
(1213, 52, 5000, '2024-12-08 15:01:31', '2024-12-08 15:01:31', 405, 12),
(1214, 6, 1000, '2024-12-08 15:02:23', '2024-12-08 15:02:23', 406, 1);

-- --------------------------------------------------------

--
-- Structure de la table `transferts`
--

CREATE TABLE `transferts` (
  `id` bigint(20) UNSIGNED NOT NULL,
  `produit_id` bigint(20) UNSIGNED NOT NULL,
  `depot_id` bigint(20) UNSIGNED NOT NULL,
  `destinataire_id` bigint(20) UNSIGNED NOT NULL,
  `quantite` double NOT NULL,
  `destinataire` varchar(255) COLLATE utf8mb4_unicode_ci NOT NULL,
  `created_at` timestamp NULL DEFAULT NULL,
  `updated_at` timestamp NULL DEFAULT NULL,
  `valide` tinyint(1) NOT NULL
) ENGINE=InnoDB DEFAULT CHARSET=utf8mb4 COLLATE=utf8mb4_unicode_ci;

-- --------------------------------------------------------

--
-- Structure de la table `users`
--

CREATE TABLE `users` (
  `id` bigint(20) UNSIGNED NOT NULL,
  `name` varchar(255) COLLATE utf8mb4_unicode_ci NOT NULL,
  `email` varchar(255) COLLATE utf8mb4_unicode_ci NOT NULL,
  `email_verified_at` timestamp NULL DEFAULT NULL,
  `password` varchar(255) COLLATE utf8mb4_unicode_ci NOT NULL,
  `role` varchar(255) COLLATE utf8mb4_unicode_ci NOT NULL,
  `remember_token` varchar(100) COLLATE utf8mb4_unicode_ci DEFAULT NULL,
  `created_at` timestamp NULL DEFAULT NULL,
  `updated_at` timestamp NULL DEFAULT NULL,
  `depot_id` bigint(20) UNSIGNED DEFAULT NULL
) ENGINE=InnoDB DEFAULT CHARSET=utf8mb4 COLLATE=utf8mb4_unicode_ci;

--
-- Déchargement des données de la table `users`
--

INSERT INTO `users` (`id`, `name`, `email`, `email_verified_at`, `password`, `role`, `remember_token`, `created_at`, `updated_at`, `depot_id`) VALUES
(1, 'Ibra Ndiaye', 'ibra789ndiaye@gmail.com', NULL, '$2y$10$QcvxiXK.4d8kZFVVfjYeo.dK6l3nsN8yH9PyOPjFV9tD1X/fuoWMG', 'administrateur', NULL, '2022-06-06 16:58:08', '2022-12-21 15:13:32', NULL),
(2, 'fall demba', 'ibra93_3@live.fr', NULL, '$2y$10$1VMGnbZVmXbwwBOIzQAwGuvgxx7ju38oZb8f/ZySayGxI4uPh.CFW', 'gestionnaire', NULL, '2022-06-06 22:38:38', '2023-05-29 18:48:14', 1),
(8, 'Hello vape', 'hellovape21@gmail.com', NULL, '$2y$10$mbID7P1dv.xphoMGvnJo.eM/ITxYln5yXDdvyq5.05f6B4H3bThNi', 'administrateur', NULL, '2023-05-29 10:52:12', '2023-05-29 18:52:41', NULL),
(9, 'Binetou Thiam', 'binetouthiam69@gmail.com', NULL, '$2y$10$LeU7/A9ZGh/zv3yHdEGaoubV5EiTb954x/yA92Br7CEmme0dq0VsW', 'gestionnaire', NULL, '2023-05-29 12:12:32', '2023-05-29 12:12:32', 1);

--
-- Index pour les tables déchargées
--

--
-- Index pour la table `categories`
--
ALTER TABLE `categories`
  ADD PRIMARY KEY (`id`);

--
-- Index pour la table `clients`
--
ALTER TABLE `clients`
  ADD PRIMARY KEY (`id`);

--
-- Index pour la table `depots`
--
ALTER TABLE `depots`
  ADD PRIMARY KEY (`id`);

--
-- Index pour la table `depot_produits`
--
ALTER TABLE `depot_produits`
  ADD PRIMARY KEY (`id`),
  ADD KEY `depot_produits_produit_id_foreign` (`produit_id`),
  ADD KEY `depot_produits_depot_id_foreign` (`depot_id`);

--
-- Index pour la table `entrees`
--
ALTER TABLE `entrees`
  ADD PRIMARY KEY (`id`),
  ADD KEY `entrees_produit_id_foreign` (`produit_id`),
  ADD KEY `entrees_facturee_id_foreign` (`facturee_id`);

--
-- Index pour la table `facturees`
--
ALTER TABLE `facturees`
  ADD PRIMARY KEY (`id`),
  ADD KEY `facturees_depot_id_foreign` (`depot_id`),
  ADD KEY `facturees_fournisseur_id_foreign` (`fournisseur_id`);

--
-- Index pour la table `factures`
--
ALTER TABLE `factures`
  ADD PRIMARY KEY (`id`),
  ADD KEY `factures_depot_id_foreign` (`depot_id`),
  ADD KEY `factures_client_id_foreign` (`client_id`);

--
-- Index pour la table `failed_jobs`
--
ALTER TABLE `failed_jobs`
  ADD PRIMARY KEY (`id`);

--
-- Index pour la table `fournisseurs`
--
ALTER TABLE `fournisseurs`
  ADD PRIMARY KEY (`id`);

--
-- Index pour la table `migrations`
--
ALTER TABLE `migrations`
  ADD PRIMARY KEY (`id`);

--
-- Index pour la table `password_resets`
--
ALTER TABLE `password_resets`
  ADD KEY `password_resets_email_index` (`email`);

--
-- Index pour la table `personal_access_tokens`
--
ALTER TABLE `personal_access_tokens`
  ADD PRIMARY KEY (`id`),
  ADD UNIQUE KEY `personal_access_tokens_token_unique` (`token`),
  ADD KEY `personal_access_tokens_tokenable_type_tokenable_id_index` (`tokenable_type`,`tokenable_id`);

--
-- Index pour la table `produits`
--
ALTER TABLE `produits`
  ADD PRIMARY KEY (`id`),
  ADD KEY `produits_categorie_id_foreign` (`categorie_id`);

--
-- Index pour la table `retours`
--
ALTER TABLE `retours`
  ADD PRIMARY KEY (`id`),
  ADD KEY `retours_sortie_id_foreign` (`sortie_id`);

--
-- Index pour la table `sorties`
--
ALTER TABLE `sorties`
  ADD PRIMARY KEY (`id`),
  ADD KEY `sorties_produit_id_foreign` (`produit_id`),
  ADD KEY `sorties_facture_id_foreign` (`facture_id`);

--
-- Index pour la table `transferts`
--
ALTER TABLE `transferts`
  ADD PRIMARY KEY (`id`),
  ADD KEY `transferts_produit_id_foreign` (`produit_id`),
  ADD KEY `transferts_depot_id_foreign` (`depot_id`),
  ADD KEY `transferts_destinataire_id_foreign` (`destinataire_id`);

--
-- Index pour la table `users`
--
ALTER TABLE `users`
  ADD PRIMARY KEY (`id`),
  ADD UNIQUE KEY `users_email_unique` (`email`),
  ADD KEY `users_depot_id_foreign` (`depot_id`);

--
-- AUTO_INCREMENT pour les tables déchargées
--

--
-- AUTO_INCREMENT pour la table `categories`
--
ALTER TABLE `categories`
  MODIFY `id` bigint(20) UNSIGNED NOT NULL AUTO_INCREMENT, AUTO_INCREMENT=22;

--
-- AUTO_INCREMENT pour la table `clients`
--
ALTER TABLE `clients`
  MODIFY `id` bigint(20) UNSIGNED NOT NULL AUTO_INCREMENT, AUTO_INCREMENT=39;

--
-- AUTO_INCREMENT pour la table `depots`
--
ALTER TABLE `depots`
  MODIFY `id` bigint(20) UNSIGNED NOT NULL AUTO_INCREMENT, AUTO_INCREMENT=2;

--
-- AUTO_INCREMENT pour la table `depot_produits`
--
ALTER TABLE `depot_produits`
  MODIFY `id` bigint(20) UNSIGNED NOT NULL AUTO_INCREMENT, AUTO_INCREMENT=335;

--
-- AUTO_INCREMENT pour la table `entrees`
--
ALTER TABLE `entrees`
  MODIFY `id` bigint(20) UNSIGNED NOT NULL AUTO_INCREMENT, AUTO_INCREMENT=426;

--
-- AUTO_INCREMENT pour la table `facturees`
--
ALTER TABLE `facturees`
  MODIFY `id` bigint(20) UNSIGNED NOT NULL AUTO_INCREMENT, AUTO_INCREMENT=177;

--
-- AUTO_INCREMENT pour la table `factures`
--
ALTER TABLE `factures`
  MODIFY `id` bigint(20) UNSIGNED NOT NULL AUTO_INCREMENT, AUTO_INCREMENT=407;

--
-- AUTO_INCREMENT pour la table `failed_jobs`
--
ALTER TABLE `failed_jobs`
  MODIFY `id` bigint(20) UNSIGNED NOT NULL AUTO_INCREMENT;

--
-- AUTO_INCREMENT pour la table `fournisseurs`
--
ALTER TABLE `fournisseurs`
  MODIFY `id` bigint(20) UNSIGNED NOT NULL AUTO_INCREMENT, AUTO_INCREMENT=4;

--
-- AUTO_INCREMENT pour la table `migrations`
--
ALTER TABLE `migrations`
  MODIFY `id` int(10) UNSIGNED NOT NULL AUTO_INCREMENT, AUTO_INCREMENT=43;

--
-- AUTO_INCREMENT pour la table `personal_access_tokens`
--
ALTER TABLE `personal_access_tokens`
  MODIFY `id` bigint(20) UNSIGNED NOT NULL AUTO_INCREMENT;

--
-- AUTO_INCREMENT pour la table `produits`
--
ALTER TABLE `produits`
  MODIFY `id` bigint(20) UNSIGNED NOT NULL AUTO_INCREMENT, AUTO_INCREMENT=335;

--
-- AUTO_INCREMENT pour la table `retours`
--
ALTER TABLE `retours`
  MODIFY `id` bigint(20) UNSIGNED NOT NULL AUTO_INCREMENT;

--
-- AUTO_INCREMENT pour la table `sorties`
--
ALTER TABLE `sorties`
  MODIFY `id` bigint(20) UNSIGNED NOT NULL AUTO_INCREMENT, AUTO_INCREMENT=1215;

--
-- AUTO_INCREMENT pour la table `transferts`
--
ALTER TABLE `transferts`
  MODIFY `id` bigint(20) UNSIGNED NOT NULL AUTO_INCREMENT;

--
-- AUTO_INCREMENT pour la table `users`
--
ALTER TABLE `users`
  MODIFY `id` bigint(20) UNSIGNED NOT NULL AUTO_INCREMENT, AUTO_INCREMENT=10;

--
-- Contraintes pour les tables déchargées
--

--
-- Contraintes pour la table `depot_produits`
--
ALTER TABLE `depot_produits`
  ADD CONSTRAINT `depot_produits_depot_id_foreign` FOREIGN KEY (`depot_id`) REFERENCES `depots` (`id`),
  ADD CONSTRAINT `depot_produits_produit_id_foreign` FOREIGN KEY (`produit_id`) REFERENCES `produits` (`id`);

--
-- Contraintes pour la table `entrees`
--
ALTER TABLE `entrees`
  ADD CONSTRAINT `entrees_facturee_id_foreign` FOREIGN KEY (`facturee_id`) REFERENCES `facturees` (`id`),
  ADD CONSTRAINT `entrees_produit_id_foreign` FOREIGN KEY (`produit_id`) REFERENCES `produits` (`id`);

--
-- Contraintes pour la table `facturees`
--
ALTER TABLE `facturees`
  ADD CONSTRAINT `facturees_depot_id_foreign` FOREIGN KEY (`depot_id`) REFERENCES `depots` (`id`),
  ADD CONSTRAINT `facturees_fournisseur_id_foreign` FOREIGN KEY (`fournisseur_id`) REFERENCES `fournisseurs` (`id`);

--
-- Contraintes pour la table `factures`
--
ALTER TABLE `factures`
  ADD CONSTRAINT `factures_client_id_foreign` FOREIGN KEY (`client_id`) REFERENCES `clients` (`id`),
  ADD CONSTRAINT `factures_depot_id_foreign` FOREIGN KEY (`depot_id`) REFERENCES `depots` (`id`);

--
-- Contraintes pour la table `produits`
--
ALTER TABLE `produits`
  ADD CONSTRAINT `produits_categorie_id_foreign` FOREIGN KEY (`categorie_id`) REFERENCES `categories` (`id`);

--
-- Contraintes pour la table `retours`
--
ALTER TABLE `retours`
  ADD CONSTRAINT `retours_sortie_id_foreign` FOREIGN KEY (`sortie_id`) REFERENCES `sorties` (`id`);

--
-- Contraintes pour la table `sorties`
--
ALTER TABLE `sorties`
  ADD CONSTRAINT `sorties_facture_id_foreign` FOREIGN KEY (`facture_id`) REFERENCES `factures` (`id`),
  ADD CONSTRAINT `sorties_produit_id_foreign` FOREIGN KEY (`produit_id`) REFERENCES `produits` (`id`);
COMMIT;

/*!40101 SET CHARACTER_SET_CLIENT=@OLD_CHARACTER_SET_CLIENT */;
/*!40101 SET CHARACTER_SET_RESULTS=@OLD_CHARACTER_SET_RESULTS */;
/*!40101 SET COLLATION_CONNECTION=@OLD_COLLATION_CONNECTION */;
